-- --------------------------------------------------------
-- Host:                         172.17.8.110
-- Server version:               10.1.45-MariaDB - MariaDB Server
-- Server OS:                    Linux
-- HeidiSQL Version:             12.8.0.6908
-- --------------------------------------------------------

/*!40101 SET @OLD_CHARACTER_SET_CLIENT=@@CHARACTER_SET_CLIENT */;
/*!40101 SET NAMES utf8 */;
/*!50503 SET NAMES utf8mb4 */;
/*!40103 SET @OLD_TIME_ZONE=@@TIME_ZONE */;
/*!40103 SET TIME_ZONE='+00:00' */;
/*!40014 SET @OLD_FOREIGN_KEY_CHECKS=@@FOREIGN_KEY_CHECKS, FOREIGN_KEY_CHECKS=0 */;
/*!40101 SET @OLD_SQL_MODE=@@SQL_MODE, SQL_MODE='NO_AUTO_VALUE_ON_ZERO' */;
/*!40111 SET @OLD_SQL_NOTES=@@SQL_NOTES, SQL_NOTES=0 */;


-- Dumping database structure for survey_itnp
CREATE DATABASE IF NOT EXISTS `survey_itnp` /*!40100 DEFAULT CHARACTER SET utf8mb4 */;
USE `survey_itnp`;

-- Dumping structure for table survey_itnp.admins
CREATE TABLE IF NOT EXISTS `admins` (
  `id` int(11) NOT NULL AUTO_INCREMENT,
  `username` varchar(50) NOT NULL,
  `password` varchar(255) NOT NULL,
  `created_at` timestamp NOT NULL DEFAULT CURRENT_TIMESTAMP,
  PRIMARY KEY (`id`),
  UNIQUE KEY `username` (`username`)
) ENGINE=InnoDB AUTO_INCREMENT=3 DEFAULT CHARSET=utf8mb4;

-- Dumping data for table survey_itnp.admins: ~2 rows (approximately)
INSERT INTO `admins` (`id`, `username`, `password`, `created_at`) VALUES
	(1, 'admin', '$2y$10$Y99uDpBgQOow8fYhomGieOoa3hJdXJtjFPohmQC1mGa7q9jU9Lz1u', '2024-08-19 04:27:34'),
	(2, '', '', '2024-08-23 07:05:21');

-- Dumping structure for table survey_itnp.questions
CREATE TABLE IF NOT EXISTS `questions` (
  `id` int(11) NOT NULL AUTO_INCREMENT,
  `layanan` enum('Laptop','Printer','Penyedia_Layanan_IT') NOT NULL,
  `text` text NOT NULL,
  PRIMARY KEY (`id`)
) ENGINE=InnoDB AUTO_INCREMENT=64 DEFAULT CHARSET=utf8mb4;

-- Dumping data for table survey_itnp.questions: ~30 rows (approximately)
INSERT INTO `questions` (`id`, `layanan`, `text`) VALUES
	(19, 'Printer', '1.Seberapa cepat Tim Printer menanggapi permintaan Anda?'),
	(20, 'Printer', '2. Apakah masalah Anda diselesaikan dengan memuaskan?'),
	(21, 'Printer', '3. Bagaimana Anda menilai komunikasi tim Printer selama proses penyelesaian masalah?'),
	(22, 'Printer', '4. Seberapa puas Anda dengan waktu yang dibutuhkan untuk menyelesaikan masalah Anda?'),
	(23, 'Printer', '5. Seberapa baik solusi yang diberikan oleh tim Printer?'),
	(24, 'Printer', '6. Bagaimana Anda menilai sikap dan keramahan tim Printer selama interaksi?'),
	(25, 'Printer', '7. Apakah Tim Printer proaktif dalam memberikan solusi atau saran untuk mencegah masalah serupa di masa mendatang?'),
	(26, 'Printer', '8. Seberapa baik Tim Printer memahami kebutuhan spesifik Anda terkait dukungan Printer?'),
	(29, 'Printer', '9. Seberapa mudah Anda menemukan informasi atau panduan yang diperlukan untuk menyelesaikan masalah Printer secara mandiri (misalnya melalui portal atau dokumentasi online)?'),
	(30, 'Printer', '10. Seberapa puas Anda dengan layanan dari Tim Printer secara keseluruhan?'),
	(41, 'Laptop', '1. Seberapa cepat tim Laptop menanggapi permintaan Anda?'),
	(42, 'Laptop', '2. Apakah masalah Anda diselesaikan dengan memuaskan?'),
	(43, 'Laptop', '3. Bagaimana Anda menilai komunikasi tim Laptop selama proses penyelesaian masalah?'),
	(44, 'Laptop', '4. Seberapa puas Anda dengan waktu yang dibutuhkan untuk menyelesaikan masalah Anda?'),
	(46, 'Laptop', '5. Seberapa baik solusi yang diberikan oleh tim Laptop?'),
	(47, 'Laptop', '6. Bagaimana Anda menilai sikap dan keramahan tim Laptop selama interaksi?'),
	(48, 'Laptop', '7. Apakah tim IT proaktif dalam memberikan solusi atau saran untuk mencegah masalah serupa di masa mendatang?'),
	(49, 'Laptop', '8. Seberapa baik tim Laptop memahami kebutuhan spesifik Anda terkait dukungan Laptop?'),
	(50, 'Laptop', '9. Seberapa mudah Anda menemukan informasi atau panduan yang diperlukan untuk menyelesaikan masalah Laptop secara mandiri (misalnya melalui portal atau dokumentasi online)?'),
	(51, 'Laptop', '10. Seberapa puas Anda dengan layanan dari Tim Laptop secara keseluruhan?'),
	(52, 'Penyedia_Layanan_IT', '1. Seberapa cepat tim IT menanggapi permintaan Anda?'),
	(54, 'Penyedia_Layanan_IT', '2. Apakah masalah Anda diselesaikan dengan memuaskan?'),
	(55, 'Penyedia_Layanan_IT', '3. Bagaimana Anda menilai komunikasi tim IT selama proses penyelesaian masalah?'),
	(56, 'Penyedia_Layanan_IT', '4. Seberapa puas Anda dengan waktu yang dibutuhkan untuk menyelesaikan masalah Anda?'),
	(57, 'Penyedia_Layanan_IT', '5. Seberapa baik solusi yang diberikan oleh tim IT?'),
	(58, 'Penyedia_Layanan_IT', '6. Bagaimana Anda menilai sikap dan keramahan tim IT selama interaksi?'),
	(59, 'Penyedia_Layanan_IT', '7. Apakah Tim IT proaktif dalam memberikan solusi atau saran untuk mencegah masalah serupa di masa mendatang?'),
	(60, 'Penyedia_Layanan_IT', '8. Seberapa baik Tim IT memahami kebutuhan spesifik Anda terkait dukungan Layanan IT?'),
	(62, 'Penyedia_Layanan_IT', '9. Seberapa mudah Anda menemukan informasi atau panduan yang diperlukan untuk menyelesaikan masalah IT secara mandiri (misalnya melalui portal atau dokumentasi online)?'),
	(63, 'Penyedia_Layanan_IT', '10. Seberapa puas Anda dengan layanan dari Tim IT secara keseluruhan?');

-- Dumping structure for table survey_itnp.surveys
CREATE TABLE IF NOT EXISTS `surveys` (
  `id` int(11) NOT NULL AUTO_INCREMENT,
  `unit_kerja` varchar(255) NOT NULL,
  `layanan` enum('Laptop','Printer','Penyedia_Layanan_IT') NOT NULL,
  `nomor_telepon` varchar(20) DEFAULT NULL,
  `tanggal` date NOT NULL,
  `created_at` timestamp NOT NULL DEFAULT CURRENT_TIMESTAMP,
  `feedback` text,
  PRIMARY KEY (`id`)
) ENGINE=InnoDB AUTO_INCREMENT=226 DEFAULT CHARSET=utf8mb4;

-- Dumping data for table survey_itnp.surveys: ~225 rows (approximately)
INSERT INTO `surveys` (`id`, `unit_kerja`, `layanan`, `nomor_telepon`, `tanggal`, `created_at`, `feedback`) VALUES
	(1, 'SSIT', 'Penyedia_Layanan_IT', '', '2024-08-18', '2024-08-27 02:08:52', ''),
	(2, 'FAL', 'Laptop', '', '2024-08-18', '2024-08-27 02:10:33', 'Smangat terus'),
	(3, 'Equipment and Workshop', 'Laptop', '', '2024-08-18', '2024-08-27 02:11:31', 'Great job'),
	(4, 'Branch Communication', 'Penyedia_Layanan_IT', '', '2024-08-18', '2024-08-27 02:13:03', 'Pertahankan'),
	(5, 'Finance', 'Penyedia_Layanan_IT', '', '2024-08-18', '2024-08-27 02:14:09', ''),
	(6, 'IT NON PUBLIC SERVICE', 'Penyedia_Layanan_IT', '', '2024-08-18', '2024-08-27 02:15:11', 'ITNP IS THE BEST.'),
	(7, 'ARFF', 'Laptop', '', '2024-08-18', '2024-08-27 02:15:38', ''),
	(8, 'ARFF', 'Penyedia_Layanan_IT', '', '2024-08-18', '2024-08-27 02:17:36', 'Mohon di perhatikan Untuk di Firestation 3 blum ada jaringan Wifi dan koneksi jaringan di Firestation 3 kadang lemot'),
	(9, 'ARFF', 'Penyedia_Layanan_IT', '', '2024-08-19', '2024-08-27 02:19:04', 'Pelayanan baik n cepat'),
	(10, 'ARFF', 'Laptop', '', '2024-08-19', '2024-08-27 02:19:43', 'Tingkatkan terus pelayanannya ya terhadap laporan komplen'),
	(11, 'ARFF', 'Penyedia_Layanan_IT', '', '2024-08-19', '2024-08-27 02:20:31', 'Tingkatkan terus pelayanan'),
	(12, 'ARFF', 'Laptop', '', '2024-08-19', '2024-08-27 02:21:06', ''),
	(13, 'Avsec', 'Laptop', '', '2024-08-19', '2024-08-27 02:21:40', ''),
	(14, 'ARFF', 'Penyedia_Layanan_IT', '', '2024-08-19', '2024-08-27 02:22:30', '&quot;Ditunggu SEGERA hadirnya jaringan Wifi di FIRE STATION 3 (RUNWAY 3).\r\nKarena jaringan seluler sangat lemah jaringannya sehingga terkadang menghambat proses report laporan harian/kendaraan. Tks&quot;'),
	(15, 'ARFF', 'Penyedia_Layanan_IT', '', '2024-08-19', '2024-08-27 02:22:59', ''),
	(16, 'OAMS T2', 'Laptop', '', '2024-08-19', '2024-08-27 02:24:48', 'Lanjutkan'),
	(17, 'PSIT', 'Laptop', '', '2024-08-19', '2024-08-27 02:25:48', 'Tingkatkan terus pelayanan ITNPS.'),
	(18, 'Airport Security', 'Laptop', '', '2024-08-19', '2024-08-27 02:26:38', 'agar konsistensi pelayanan tetap dijaga; terima kasih'),
	(19, 'APT', 'Printer', '', '2024-08-19', '2024-08-27 02:27:08', ''),
	(20, 'AOCC&amp;TOC IT SUPPORT', 'Penyedia_Layanan_IT', '', '2024-08-19', '2024-08-27 02:28:16', 'Aga susah untuk koordinasi terutama malam hari karena tidak ada dinas malam..'),
	(21, 'High &amp; Medium Voltage Station', 'Laptop', '', '2024-08-19', '2024-08-27 02:29:11', 'Sudah Bagus; dipertahankan;'),
	(22, 'UPS &amp; Converter', 'Laptop', '', '2024-08-19', '2024-08-27 02:29:49', 'Alangkah lebih baiknya; kami diberikan jadwal kunjungan service laptop tiap bulannya agar kami bisa menyiapkan unitnya sehingga rekan2 IT tidak bolak-balik karena tidak mendapati unit laptop yg akan dimaintenance.'),
	(23, 'T3 Services', 'Laptop', '', '2024-08-19', '2024-08-27 02:30:33', 'Good agar terus d pertahankan dan d tingkatkan.'),
	(24, 'BHS-IT', 'Laptop', '', '2024-08-19', '2024-08-27 02:31:52', 'Klo bs jadwal PM laptop dirutinkan per tgl brp bukan jadwal acak..dan kebutuhan instalasi software untuk laptop apabila ada training dipermudah aksesnya atau instalasinya..'),
	(25, 'Electrical Network', 'Laptop', '', '2024-08-19', '2024-08-27 02:32:21', '-'),
	(26, 'Public Security', 'Penyedia_Layanan_IT', '', '2024-08-19', '2024-08-27 02:33:02', 'Tetap ditingkatkan pelayanan agar menunjang operasional'),
	(27, 'AST T2', 'Penyedia_Layanan_IT', '', '2024-08-19', '2024-08-27 02:33:46', 'Agar kedepan lebih ditingkatkan. Terima kasih'),
	(28, 'PKP-PK', 'Penyedia_Layanan_IT', '', '2024-08-19', '2024-08-27 02:34:22', ''),
	(29, 'ARFF', 'Laptop', '', '2024-08-19', '2024-08-27 02:35:32', ''),
	(30, 'ARFF', 'Laptop', '', '2024-08-19', '2024-08-27 02:36:42', 'Jaringan internet masih lemot'),
	(31, 'ARFF', 'Penyedia_Layanan_IT', '', '2024-08-19', '2024-08-27 02:37:37', ''),
	(32, 'ARFF', 'Penyedia_Layanan_IT', '', '2024-08-19', '2024-08-27 02:38:11', 'Lebih di tingkatkan lagi pelayanan yg sudah baik agar lebih baik dan maksimal'),
	(33, 'ARFF', 'Penyedia_Layanan_IT', '', '2024-08-19', '2024-08-27 02:38:40', ''),
	(34, 'ARFF', 'Laptop', '', '2024-08-19', '2024-08-27 02:39:10', ''),
	(35, 'AIAR', 'Penyedia_Layanan_IT', '', '2024-08-20', '2024-08-27 02:39:50', ''),
	(36, 'AEE', 'Penyedia_Layanan_IT', '', '2024-08-20', '2024-08-27 02:40:19', ''),
	(37, 'Inventory Management Staff CGK', 'Penyedia_Layanan_IT', '', '2024-08-20', '2024-08-27 02:41:10', 'Mudah2an dapat memparbanyak sdm yang ada dilapangan'),
	(38, 'Assets &amp; Logistic Management', 'Penyedia_Layanan_IT', '', '2024-08-20', '2024-08-27 02:42:29', ''),
	(39, 'Mekanikal Non Terminal', 'Penyedia_Layanan_IT', '', '2024-08-20', '2024-08-27 02:44:24', 'lanjutkan dan tingkatkan'),
	(40, 'ATFG-T2', 'Penyedia_Layanan_IT', '', '2024-08-20', '2024-08-27 02:45:16', ''),
	(41, 'Assets &amp; Logistic Management', 'Penyedia_Layanan_IT', '', '2024-08-20', '2024-08-27 02:46:27', 'Selalu terbaik..'),
	(42, 'MPS3', 'Laptop', '', '2024-08-20', '2024-08-27 02:46:55', ''),
	(43, 'Airfield', 'Penyedia_Layanan_IT', '', '2024-08-20', '2024-08-27 02:47:20', ''),
	(44, 'Procurement', 'Laptop', '', '2024-08-20', '2024-08-27 02:47:56', 'Tim laptop sudah OK dlam melaksanakan tugas2 maintenance; cepat dengan waktu yang selalu tepat.'),
	(45, 'AOCC', 'Laptop', '', '2024-08-20', '2024-08-27 02:48:49', 'Agar lebih baik lagi dan mensuport kita'),
	(46, 'Airfield', 'Laptop', '', '2024-08-20', '2024-08-27 02:49:21', 'Keren'),
	(47, 'TOD Service', 'Laptop', '', '2024-08-20', '2024-08-27 02:49:50', ''),
	(48, 'Terminal Service &amp; Facility - T3', 'Laptop', '', '2024-08-20', '2024-08-27 02:50:51', 'Semoga makin responsif'),
	(49, 'Electrical Network', 'Laptop', '', '2024-08-20', '2024-08-27 02:51:16', ''),
	(50, 'GI', 'Laptop', '', '2024-08-20', '2024-08-27 02:51:55', 'Komunikasi servis laptop agar ditingkatkan; terimakasih'),
	(51, 'ATFE T3', 'Laptop', '', '2024-08-20', '2024-08-27 02:52:40', ''),
	(52, 'BHS-IT', 'Laptop', '', '2024-08-20', '2024-08-27 02:53:32', 'Lebih ditingkatkan lg profesionalisme dan layanan yg prima kepada customer'),
	(53, 'AMC T1', 'Penyedia_Layanan_IT', '', '2024-08-21', '2024-08-27 02:53:56', ''),
	(54, 'Airfield', 'Laptop', '', '2024-08-21', '2024-08-27 02:54:35', 'Tolong yang tiap kontrol laptop saya atas nama nabilahasyati yang paling cantik; dan pada saat pengecekan jaringan dikontrol oleh ica yang paling lucu cantik manis menggemaskan'),
	(55, 'MPS', 'Laptop', '', '2024-08-21', '2024-08-27 02:55:01', ''),
	(56, 'South Runway', 'Laptop', '', '2024-08-21', '2024-08-27 02:55:35', ''),
	(57, 'Airfield Infrastructure', 'Laptop', '', '2024-08-21', '2024-08-27 02:56:25', 'Untuk penggunaan laptop kantor kurang fleksibel dalam penyediaan aplikasi pendukung pekerjaan. Yang di harap dapat membantu efektifitas pekerjaan'),
	(58, 'AFS', 'Penyedia_Layanan_IT', '', '2024-08-22', '2024-08-27 02:56:56', 'semoga makin bisa membantu dengan cepat dan lebih canggih tentu nya'),
	(59, 'Corporate Transformation Group', 'Penyedia_Layanan_IT', '', '2024-08-22', '2024-08-27 02:57:43', 'top banget tim nya Om Deden... Terima kasih untuk support kegiatan2 Unit Kami.. Sehat dan berkah selalu yaaahhh'),
	(60, 'MPS 2', 'Penyedia_Layanan_IT', '', '2024-08-23', '2024-08-27 02:59:17', 'SINYAL INTERNET LDAP PS2 LEMOT DAN SINYAL HANYA 2 DAN 1 BAR.. PADAHAL AWAL PASANG 4 BAR FULL SMP RUANG KONTROL... SKG HANYA 2 BAR'),
	(61, 'TIS T2', 'Laptop', '', '2024-08-24', '2024-08-24 10:03:32', ''),
	(62, 'terminal inspection service', 'Penyedia_Layanan_IT', '', '2024-08-24', '2024-08-24 10:20:37', '.'),
	(63, 'TIS T2 ', 'Laptop', '', '2024-08-24', '2024-08-24 10:30:44', 'Mantap....??????'),
	(64, 'Terminal Inspection Service-T2', 'Laptop', '', '2024-08-24', '2024-08-24 11:10:46', 'Untuk dapat di pertahankan; dan lebih berinovasi'),
	(65, 'TIS T2', 'Penyedia_Layanan_IT', '', '2024-08-24', '2024-08-24 12:47:09', ''),
	(66, 'TIS', 'Penyedia_Layanan_IT', '', '2024-08-24', '2024-08-24 13:10:57', 'Lebih informatif dan lebih baik lagi'),
	(67, 'Terminal Inspection Service', 'Penyedia_Layanan_IT', '', '2024-08-25', '2024-08-24 18:11:37', ''),
	(68, 'PS1', 'Laptop', '', '2024-08-26', '2024-08-26 08:50:30', 'Terima kasih atas bantuan pelayanan maintenancr laptopnya'),
	(69, 'Avcec publik T2', 'Penyedia_Layanan_IT', '', '2024-08-26', '2024-08-26 08:54:17', 'Semoga semakin maju untuk unit IT'),
	(70, 'Safety & Security Facility T3', 'Laptop', '', '2024-08-26', '2024-08-26 09:08:48', ''),
	(71, 'Avsec', 'Penyedia_Layanan_IT', '', '2024-08-26', '2024-08-26 09:10:22', ''),
	(72, 'Finance', 'Penyedia_Layanan_IT', '', '2024-08-26', '2024-08-26 09:11:33', ''),
	(73, 'Keuangan', 'Penyedia_Layanan_IT', '', '2024-08-26', '2024-08-26 09:14:17', 'Komputer lama mohon diganti dengan yg baru'),
	(74, 'Public security T2', 'Printer', '', '2024-08-26', '2024-08-26 09:16:17', ''),
	(75, 'Avsec publik T2 ', 'Penyedia_Layanan_IT', '', '2024-08-26', '2024-08-26 09:23:24', 'Baik bagus mohon tingkatkan kembali untuk layanan'),
	(76, 'App', 'Penyedia_Layanan_IT', '', '2024-08-26', '2024-08-26 09:23:29', ''),
	(77, 'Security', 'Penyedia_Layanan_IT', '', '2024-08-26', '2024-08-26 09:23:45', 'Pertahankan yang sudah baik, karna konsisten itu mahal :)'),
	(78, 'Avsec ', 'Penyedia_Layanan_IT', '', '2024-08-26', '2024-08-26 09:25:41', 'Penyelesaian yang baik, dan respek yg baik yg sudah baik ditingkat kan kembali, kordinasi dgn rekan" dilapangkan menjadi komitmen kita bersama. Senyum ku adalah ibadahku.. terimakasih '),
	(79, 'Avsec', 'Penyedia_Layanan_IT', '', '2024-08-26', '2024-08-26 09:26:12', ''),
	(80, 'Terminal 2', 'Penyedia_Layanan_IT', '', '2024-08-26', '2024-08-26 09:28:11', ''),
	(81, 'APP', 'Penyedia_Layanan_IT', '', '2024-08-26', '2024-08-26 09:28:11', 'Harus lebih baik lagi '),
	(82, 'Avsec', 'Laptop', '', '2024-08-26', '2024-08-26 09:28:25', ''),
	(83, 'Terminal 2', 'Penyedia_Layanan_IT', '', '2024-08-26', '2024-08-26 09:30:21', ''),
	(84, 'Airport Security Bandara Soekarno Hatta', 'Laptop', '', '2024-08-26', '2024-08-26 09:31:25', 'Uda Paten'),
	(85, 'SECURITY', 'Penyedia_Layanan_IT', '', '2024-08-26', '2024-08-26 09:33:52', 'Terbaik '),
	(86, 'Security', 'Penyedia_Layanan_IT', '', '2024-08-26', '2024-08-26 09:34:02', 'Semoga ITNPS tetap menjadi yang terbaik'),
	(87, 'Non avsec', 'Penyedia_Layanan_IT', '', '2024-08-26', '2024-08-26 09:34:23', ''),
	(88, 'Airport security ', 'Penyedia_Layanan_IT', '', '2024-08-26', '2024-08-26 09:34:50', ''),
	(89, 'Security ', 'Penyedia_Layanan_IT', '', '2024-08-26', '2024-08-26 09:34:29', 'Sangat baik'),
	(90, 'Security', 'Penyedia_Layanan_IT', '', '2024-08-26', '2024-08-26 09:35:32', 'Bagus , di pertahankan'),
	(91, 'Publik Security', 'Printer', '', '2024-08-26', '2024-08-26 09:35:48', 'Tidak ada keriting dan saran sudah bagus semua'),
	(92, 'Security', 'Penyedia_Layanan_IT', '', '2024-08-26', '2024-08-26 09:39:15', ''),
	(93, 'Bandara soekarno hatta', 'Penyedia_Layanan_IT', '', '2024-08-26', '2024-08-26 09:40:21', ''),
	(94, 'security', 'Penyedia_Layanan_IT', '', '2024-08-26', '2024-08-26 09:45:23', 'tidak da'),
	(95, 'APP', 'Penyedia_Layanan_IT', '', '2024-08-26', '2024-08-26 09:45:28', ''),
	(96, 'Pengamanan', 'Penyedia_Layanan_IT', '', '2024-08-26', '2024-08-26 09:45:46', 'Memuaskan'),
	(97, 'Security', 'Penyedia_Layanan_IT', '', '2024-08-26', '2024-08-26 09:47:36', ''),
	(98, 'Security publik T2', 'Penyedia_Layanan_IT', '', '2024-08-26', '2024-08-26 09:48:19', 'Untuk pelayanan memuaskan'),
	(99, 'SSIT', 'Laptop', '', '2024-08-26', '2024-08-26 09:49:57', ''),
	(100, 'App', 'Penyedia_Layanan_IT', '', '2024-08-26', '2024-08-26 09:51:04', ''),
	(101, 'Securtiy', 'Laptop', '', '2024-08-26', '2024-08-26 09:51:50', ''),
	(102, 'Publik securty T2', 'Penyedia_Layanan_IT', '', '2024-08-26', '2024-08-26 09:52:35', ''),
	(103, 'Security', 'Penyedia_Layanan_IT', '', '2024-08-26', '2024-08-26 10:02:35', ''),
	(104, 'Security / Pengamanan', 'Penyedia_Layanan_IT', '', '2024-08-26', '2024-08-26 10:08:50', ''),
	(105, 'security', 'Penyedia_Layanan_IT', '', '2024-08-26', '2024-08-26 10:12:34', 'tingkatkan lagi'),
	(106, 'app', 'Penyedia_Layanan_IT', '', '2024-08-26', '2024-08-26 10:15:12', ''),
	(107, 'Financial Management', 'Penyedia_Layanan_IT', '', '2024-08-26', '2024-08-26 10:15:24', 'Mohon bantuan untuk bisa memberikan informasi dan arahan atas solusi dari kantor pusat mengenai email corporate yang sering full pada inbox, terima kasih'),
	(108, 'Finance', 'Laptop', '', '2024-08-26', '2024-08-26 10:17:11', ''),
	(109, 'Bandara soekarno hatta', 'Penyedia_Layanan_IT', '', '2024-08-26', '2024-08-26 10:24:52', ''),
	(110, 'Scurity', 'Penyedia_Layanan_IT', '', '2024-08-26', '2024-08-26 10:26:16', ''),
	(111, 'Management Accounting CGK', 'Laptop', '', '2024-08-26', '2024-08-26 10:27:13', 'Sudah baik, pertahankan dan lanjutkan'),
	(112, 'Security', 'Penyedia_Layanan_IT', '', '2024-08-26', '2024-08-26 10:28:39', ''),
	(113, 'Security', 'Penyedia_Layanan_IT', '', '2024-08-26', '2024-08-26 10:31:49', 'Pertahankan yg sudah baik'),
	(114, 'pengamanan ', 'Penyedia_Layanan_IT', '', '2024-08-26', '2024-08-26 10:33:46', 'gada'),
	(115, 'Security app', 'Penyedia_Layanan_IT', '', '2024-08-26', '2024-08-26 10:46:55', ''),
	(116, 'Security', 'Penyedia_Layanan_IT', '', '2024-08-26', '2024-08-26 10:49:45', ''),
	(117, 'Airport Security', 'Penyedia_Layanan_IT', '', '2024-08-26', '2024-08-26 11:19:14', ''),
	(118, 'APP', 'Penyedia_Layanan_IT', '', '2024-08-26', '2024-08-26 11:45:19', ''),
	(119, 'Security', 'Penyedia_Layanan_IT', '', '2024-08-26', '2024-08-26 12:25:41', ''),
	(120, 'Satpam', 'Penyedia_Layanan_IT', '', '2024-08-26', '2024-08-26 12:28:15', ''),
	(121, 'Pengamanan penerbangan ( Avsec)', 'Laptop', '', '2024-08-26', '2024-08-26 12:46:58', 'Semoga lebebih di perbayak pesedianan leptop arau printer'),
	(122, 'Angkasa Pura Propertindo', 'Penyedia_Layanan_IT', '', '2024-08-26', '2024-08-26 13:21:02', 'Sangat memuaskan'),
	(123, 'Pamkir t2', 'Penyedia_Layanan_IT', '', '2024-08-26', '2024-08-26 16:17:13', 'Cukup bagus kalau bisa di tingkatkan lagi terimakasih'),
	(124, 'Terminal 2', 'Penyedia_Layanan_IT', '', '2024-08-27', '2024-08-26 17:33:54', ''),
	(125, 'App', 'Penyedia_Layanan_IT', '', '2024-08-27', '2024-08-26 23:01:18', ''),
	(126, 'Terminal2', 'Penyedia_Layanan_IT', '', '2024-08-27', '2024-08-27 00:49:47', ''),
	(127, 'Security app', 'Penyedia_Layanan_IT', '', '2024-08-27', '2024-08-27 00:49:54', ''),
	(128, 'Security', 'Laptop', '', '2024-08-27', '2024-08-27 00:57:53', ''),
	(129, 'BHS', 'Laptop', '', '2024-08-28', '2024-08-28 04:27:40', ''),
	(130, 'SUBSIDIARY &amp; SUPPORTING PROCUREMENT', 'Laptop', '', '2024-09-09', '2024-09-09 02:31:14', 'Telah dilaksanakan dengan sangat baik dan lanjutkan.'),
	(131, 'SUBSIDIARY &amp; SUPPORTING PROCUREMENT', 'Laptop', '', '2024-09-09', '2024-09-09 02:36:51', 'SEJAUH INI SEMUA LANCAR AMAN DAN TERKENDALI...'),
	(132, 'procurement', 'Laptop', '', '2024-09-09', '2024-09-09 02:38:00', 'sangat baik'),
	(133, 'PROCUREMENT', 'Laptop', '', '2024-09-09', '2024-09-09 02:38:12', 'GOOD JOB KEEP GOIN ON'),
	(134, 'PROCUREMENT', 'Laptop', '', '2024-09-09', '2024-09-09 02:39:01', 'Sangat baik'),
	(135, 'procurement bsh', 'Laptop', '', '2024-09-09', '2024-09-09 02:49:28', '.'),
	(136, 'PROCUREMENT', 'Laptop', '', '2024-09-09', '2024-09-09 02:50:44', 'GUNA MENUNJANG KINERJA, BIAR GAK BOSEN DAN STRES, APLIKASI STEAM DAPAT DIINSTAL DI LAPTOP KARYAWAN YANG MEMBUTUHKAN, TERIMAKASIH'),
	(137, 'procurement', 'Laptop', '', '2024-09-09', '2024-09-09 02:53:06', 'terus berbuat yang terbaik.'),
	(138, 'Procurement', 'Laptop', '', '2024-09-09', '2024-09-09 02:58:44', 'good'),
	(139, 'BHS T3 Inter', 'Penyedia_Layanan_IT', '', '2024-09-01', '2024-09-09 03:13:14', ''),
	(140, 'BHS T3 Inter', 'Penyedia_Layanan_IT', '', '2024-09-01', '2024-09-09 03:13:58', 'pertahankan!!'),
	(141, 'Data Network', 'Penyedia_Layanan_IT', '', '2024-09-01', '2024-09-09 03:14:31', ''),
	(142, 'ARFF', 'Penyedia_Layanan_IT', '', '2024-09-01', '2024-09-09 03:15:11', ''),
	(143, 'Electrical Network', 'Penyedia_Layanan_IT', '', '2024-09-01', '2024-09-09 03:15:35', ''),
	(144, 'Avsec', 'Penyedia_Layanan_IT', '', '2024-09-01', '2024-09-09 03:16:07', ''),
	(145, 'Assets &amp; Logistic Management', 'Penyedia_Layanan_IT', '', '2024-09-01', '2024-09-09 03:16:35', ''),
	(146, 'Branch Communication', 'Penyedia_Layanan_IT', '', '2024-09-01', '2024-09-09 03:16:59', ''),
	(147, 'Corporate Transformation Group', 'Penyedia_Layanan_IT', '', '2024-09-01', '2024-09-09 03:17:27', ''),
	(148, 'Data Network', 'Penyedia_Layanan_IT', '', '2024-09-01', '2024-09-09 03:18:47', 'masih harus banyak yg perlu ditingkatkan'),
	(149, 'Electrical Network', 'Penyedia_Layanan_IT', '', '2024-09-01', '2024-09-09 03:19:21', ''),
	(150, 'Equipment and Workshop', 'Penyedia_Layanan_IT', '', '2024-09-01', '2024-09-09 03:19:43', ''),
	(151, 'Finance', 'Penyedia_Layanan_IT', '', '2024-09-02', '2024-09-09 03:20:09', ''),
	(152, 'inventory &amp; warehouse management', 'Printer', '', '2024-09-09', '2024-09-09 03:24:07', 'semoga ketersediaan fasilitas printer diperbaharui menggantikan yang lama dan lebih baik lagi, terimkasih.'),
	(153, 'High &amp; Medium Voltage Station', 'Penyedia_Layanan_IT', '', '2024-09-04', '2024-09-09 03:26:39', ''),
	(154, 'Inventory Management Staff CGK', 'Penyedia_Layanan_IT', '', '2024-09-05', '2024-09-09 03:27:49', ''),
	(155, 'Mekanikal Non Terminal', 'Penyedia_Layanan_IT', '', '2024-09-04', '2024-09-09 03:28:26', ''),
	(156, 'MPS3', 'Penyedia_Layanan_IT', '', '2024-09-07', '2024-09-09 03:29:02', 'terima kasih sobat itnp'),
	(157, 'MPS', 'Penyedia_Layanan_IT', '', '2024-09-06', '2024-09-09 03:29:25', 'Sehat selalu ya tim IT!'),
	(158, 'OAMS T2', 'Penyedia_Layanan_IT', '', '2024-09-07', '2024-09-09 03:29:54', ''),
	(159, 'PSIT', 'Penyedia_Layanan_IT', '', '2024-09-07', '2024-09-09 03:30:17', ''),
	(160, 'Public Security', 'Penyedia_Layanan_IT', '', '2024-09-05', '2024-09-09 03:30:40', ''),
	(161, 'PKP-PK', 'Penyedia_Layanan_IT', '', '2024-09-02', '2024-09-09 03:36:15', ''),
	(162, 'Procurement', 'Penyedia_Layanan_IT', '', '2024-09-07', '2024-09-09 03:36:53', ''),
	(163, 'SSIT', 'Penyedia_Layanan_IT', '', '2024-09-06', '2024-09-09 03:37:35', ''),
	(164, 'Terminal Building T3', 'Laptop', '', '2024-09-09', '2024-09-09 03:37:54', ''),
	(165, 'South Runway', 'Penyedia_Layanan_IT', '', '2024-09-07', '2024-09-09 03:38:12', ''),
	(166, 'South Runway', 'Penyedia_Layanan_IT', '', '2024-09-07', '2024-09-09 03:38:12', ''),
	(167, 'South Runway', 'Penyedia_Layanan_IT', '', '2024-09-06', '2024-09-09 03:39:50', ''),
	(168, 'T3 Services', 'Penyedia_Layanan_IT', '', '2024-09-01', '2024-09-09 03:40:25', ''),
	(169, 'TOD Service', 'Penyedia_Layanan_IT', '', '2024-09-02', '2024-09-09 03:40:57', ''),
	(170, 'TERMINAL SERVICE - T3', 'Laptop', '', '2024-09-09', '2024-09-09 03:41:55', 'sangat membantu karyawan dalam menjaga efektifitas dan kehandalan alat dukung kerja'),
	(171, 'Terminal Service &amp; Facility - T3', 'Penyedia_Layanan_IT', '', '2024-09-08', '2024-09-09 03:42:31', ''),
	(172, 'UPS &amp; Converter', 'Penyedia_Layanan_IT', '', '2024-09-09', '2024-09-09 03:43:03', ''),
	(173, 'ARFF', 'Penyedia_Layanan_IT', '', '2024-09-08', '2024-09-09 03:43:53', ''),
	(174, 'Assets &amp; Logistic Management', 'Penyedia_Layanan_IT', '', '2024-09-07', '2024-09-09 03:44:38', ''),
	(175, 'Assets &amp; Logistic Management', 'Penyedia_Layanan_IT', '', '2024-09-05', '2024-09-09 03:45:52', ''),
	(176, 'Airfield', 'Penyedia_Layanan_IT', '', '2024-09-07', '2024-09-09 03:46:43', ''),
	(177, 'Avsec', 'Penyedia_Layanan_IT', '', '2024-09-05', '2024-09-09 03:49:17', ''),
	(178, 'Airport Security', 'Penyedia_Layanan_IT', '', '2024-09-06', '2024-09-09 03:50:57', 'semakin ditingkatkan lagi'),
	(179, 'ATFE T3', 'Laptop', '', '2024-09-09', '2024-09-09 03:51:07', 'keren'),
	(180, 'APT', 'Penyedia_Layanan_IT', '', '2024-09-04', '2024-09-09 03:51:31', ''),
	(181, 'Branch Communication', 'Penyedia_Layanan_IT', '', '2024-09-03', '2024-09-09 03:52:30', ''),
	(182, 'Terminal service - T3', 'Laptop', '', '2024-09-09', '2024-09-09 03:52:30', ''),
	(183, 'BHS-IT', 'Printer', '', '2024-09-04', '2024-09-09 03:55:48', ''),
	(184, 'Data Network', 'Printer', '', '2024-09-06', '2024-09-09 03:56:17', ''),
	(185, 'Finance', 'Printer', '', '2024-09-08', '2024-09-09 03:57:31', 'mantap'),
	(186, 'terminal building', 'Laptop', '', '2024-09-09', '2024-09-09 04:00:50', 'secara keseluruhan tim laptop sudah baik dalam bekerja, namun terkadang jika terjadi masalah tim laptop tidak bs segera datang karna keterbatasan jumlah personil.. mohon untuk ditambahkan jumlah personilnya..untuk mengcover semua area kerjanya..terima kasih'),
	(187, 'BHS T3 Inter', 'Laptop', '', '2024-09-01', '2024-09-09 04:01:45', ''),
	(188, 'PSIT', 'Laptop', '', '2024-09-01', '2024-09-09 04:02:12', ''),
	(189, 'Safety &amp; Security Facility T3', 'Laptop', '', '2024-09-09', '2024-09-09 04:02:18', ''),
	(190, 'Data Network', 'Laptop', '', '2024-09-01', '2024-09-09 04:03:12', ''),
	(191, 'digital service', 'Laptop', '', '2024-09-01', '2024-09-09 04:04:09', ''),
	(192, 'TIS T1', 'Laptop', '', '2024-09-01', '2024-09-09 04:04:54', ''),
	(193, 'High &amp; Medium Voltage Station', 'Laptop', '', '2024-09-02', '2024-09-09 04:05:39', ''),
	(194, 'Tata Usaha', 'Laptop', '', '2024-09-02', '2024-09-09 04:06:19', ''),
	(195, 'TOC T3', 'Laptop', '', '2024-09-02', '2024-09-09 04:07:00', 'semoga semakin bisa diandalkan.'),
	(196, 'Terminal Building T1', 'Laptop', '', '2024-09-02', '2024-09-09 04:07:38', ''),
	(197, 'Airport Facility', 'Laptop', '', '2024-09-02', '2024-09-09 04:08:26', ''),
	(198, 'Airport Security', 'Laptop', '', '2024-09-02', '2024-09-09 04:09:31', ''),
	(199, 'Legal', 'Laptop', '', '2024-09-02', '2024-09-09 04:10:22', ''),
	(200, 'Legal', 'Laptop', '', '2024-09-02', '2024-09-09 04:10:54', ''),
	(201, 'Mekanikal T3 Inter', 'Laptop', '', '2024-09-02', '2024-09-09 04:13:43', ''),
	(202, 'AMC T3', 'Laptop', '', '2024-09-02', '2024-09-09 04:14:13', ''),
	(203, 'AMC T3', 'Laptop', '', '2024-09-02', '2024-09-09 04:15:01', ''),
	(204, 'Procurement', 'Laptop', '', '2024-09-09', '2024-09-09 04:16:20', ''),
	(205, 'Procurement', 'Laptop', '', '2024-09-09', '2024-09-09 04:16:56', ''),
	(206, 'Terminal Building', 'Laptop', '', '2024-09-09', '2024-09-09 04:18:00', ''),
	(207, 'Electrical Facility T3', 'Laptop', '', '2024-09-09', '2024-09-09 04:18:52', ''),
	(208, 'TIS T3', 'Laptop', '', '2024-09-09', '2024-09-09 04:19:24', ''),
	(209, 'BHS', 'Laptop', '', '2024-09-09', '2024-09-09 04:21:12', 'spesial 9.9'),
	(210, 'TIS T2', 'Printer', '', '2024-09-09', '2024-09-09 04:32:50', ''),
	(211, 'ASF T1', 'Laptop', '', '2024-09-09', '2024-09-09 04:43:41', 'terima kasih atas respon yang cepat, sesuai janji datang sebelum jam makan siang. mantapp!'),
	(212, 'ASF T1', 'Laptop', '', '2024-09-09', '2024-09-09 04:56:11', 'Terima kasih atas respon yang cepat, sesuai janji datang sebelum jam makan siang. Mantull!'),
	(213, 'BHS', 'Laptop', '', '2024-09-06', '2024-09-09 07:03:31', 'tetep solid ya'),
	(214, 'ASF T1', 'Penyedia_Layanan_IT', '', '2024-09-04', '2024-09-09 07:04:31', ''),
	(215, 'AVSEC', 'Laptop', '', '2024-09-05', '2024-09-09 07:05:24', ''),
	(216, 'IT Non Public', 'Laptop', '', '2024-09-05', '2024-09-09 07:06:14', 'Tetep Solid dan Jaya'),
	(217, 'Keuangan', 'Printer', '', '2024-09-10', '2024-09-10 09:10:50', ''),
	(218, 'gudang', 'Printer', '', '2024-09-10', '2024-09-10 09:11:40', ''),
	(219, 'Komersil', 'Penyedia_Layanan_IT', '', '2024-09-10', '2024-09-10 09:12:21', ''),
	(220, 'Nusapro', 'Penyedia_Layanan_IT', '', '2024-09-10', '2024-09-10 09:13:13', ''),
	(221, 'Pier 1', 'Laptop', '', '2024-09-10', '2024-09-10 09:13:53', ''),
	(222, 'ARFF', 'Laptop', '', '2024-09-10', '2024-09-10 09:14:20', ''),
	(223, 'TIS T2', 'Laptop', '', '2024-09-10', '2024-09-10 16:13:21', 'lebih di tingkatkan kembali performance nya.'),
	(224, 'Terminal Inspection Terminal 2', 'Laptop', '', '2024-09-10', '2024-09-10 16:21:26', 'saat ini pelayanan sudah baik,untuk dapat di pertahankan.'),
	(225, 'TIS', 'Laptop', '', '2024-09-10', '2024-09-10 16:23:26', 'Laptop sering lemot dan sering not responding, sebaiknya disedikan space penyimpan memory ekternal guna penyimpanan data agar tidak sering lemot');

-- Dumping structure for table survey_itnp.survey_answers
CREATE TABLE IF NOT EXISTS `survey_answers` (
  `id` int(11) NOT NULL AUTO_INCREMENT,
  `survey_id` int(11) NOT NULL,
  `question_id` int(11) NOT NULL,
  `answer` int(11) DEFAULT NULL,
  PRIMARY KEY (`id`),
  KEY `survey_answers_ibfk_1` (`survey_id`),
  KEY `survey_answers_ibfk_2` (`question_id`),
  CONSTRAINT `survey_answers_ibfk_1` FOREIGN KEY (`survey_id`) REFERENCES `surveys` (`id`),
  CONSTRAINT `survey_answers_ibfk_2` FOREIGN KEY (`question_id`) REFERENCES `questions` (`id`)
) ENGINE=InnoDB AUTO_INCREMENT=2251 DEFAULT CHARSET=utf8mb4;

-- Dumping data for table survey_itnp.survey_answers: ~2.250 rows (approximately)
INSERT INTO `survey_answers` (`id`, `survey_id`, `question_id`, `answer`) VALUES
	(1, 1, 52, 8),
	(2, 1, 54, 7),
	(3, 1, 55, 8),
	(4, 1, 56, 7),
	(5, 1, 57, 8),
	(6, 1, 58, 8),
	(7, 1, 59, 7),
	(8, 1, 60, 8),
	(9, 1, 62, 7),
	(10, 1, 63, 8),
	(11, 2, 41, 10),
	(12, 2, 42, 10),
	(13, 2, 43, 10),
	(14, 2, 44, 10),
	(15, 2, 46, 10),
	(16, 2, 47, 10),
	(17, 2, 48, 10),
	(18, 2, 49, 10),
	(19, 2, 50, 10),
	(20, 2, 51, 10),
	(21, 3, 41, 10),
	(22, 3, 42, 10),
	(23, 3, 43, 10),
	(24, 3, 44, 10),
	(25, 3, 46, 10),
	(26, 3, 47, 10),
	(27, 3, 48, 10),
	(28, 3, 49, 10),
	(29, 3, 50, 10),
	(30, 3, 51, 10),
	(31, 4, 52, 10),
	(32, 4, 54, 10),
	(33, 4, 55, 10),
	(34, 4, 56, 10),
	(35, 4, 57, 10),
	(36, 4, 58, 10),
	(37, 4, 59, 10),
	(38, 4, 60, 10),
	(39, 4, 62, 10),
	(40, 4, 63, 10),
	(41, 5, 52, 10),
	(42, 5, 54, 10),
	(43, 5, 55, 10),
	(44, 5, 56, 10),
	(45, 5, 57, 9),
	(46, 5, 58, 10),
	(47, 5, 59, 10),
	(48, 5, 60, 10),
	(49, 5, 62, 10),
	(50, 5, 63, 10),
	(51, 6, 52, 10),
	(52, 6, 54, 10),
	(53, 6, 55, 10),
	(54, 6, 56, 10),
	(55, 6, 57, 10),
	(56, 6, 58, 10),
	(57, 6, 59, 10),
	(58, 6, 60, 10),
	(59, 6, 62, 10),
	(60, 6, 63, 10),
	(61, 7, 41, 10),
	(62, 7, 42, 10),
	(63, 7, 43, 10),
	(64, 7, 44, 10),
	(65, 7, 46, 10),
	(66, 7, 47, 10),
	(67, 7, 48, 10),
	(68, 7, 49, 10),
	(69, 7, 50, 10),
	(70, 7, 51, 10),
	(71, 8, 52, 6),
	(72, 8, 54, 7),
	(73, 8, 55, 6),
	(74, 8, 56, 7),
	(75, 8, 57, 6),
	(76, 8, 58, 8),
	(77, 8, 59, 6),
	(78, 8, 60, 5),
	(79, 8, 62, 6),
	(80, 8, 63, 5),
	(81, 9, 52, 8),
	(82, 9, 54, 8),
	(83, 9, 55, 8),
	(84, 9, 56, 8),
	(85, 9, 57, 8),
	(86, 9, 58, 9),
	(87, 9, 59, 8),
	(88, 9, 60, 8),
	(89, 9, 62, 8),
	(90, 9, 63, 8),
	(91, 10, 41, 5),
	(92, 10, 42, 6),
	(93, 10, 43, 6),
	(94, 10, 44, 6),
	(95, 10, 46, 6),
	(96, 10, 47, 5),
	(97, 10, 48, 6),
	(98, 10, 49, 6),
	(99, 10, 50, 6),
	(100, 10, 51, 6),
	(101, 11, 52, 7),
	(102, 11, 54, 7),
	(103, 11, 55, 7),
	(104, 11, 56, 6),
	(105, 11, 57, 7),
	(106, 11, 58, 7),
	(107, 11, 59, 7),
	(108, 11, 60, 7),
	(109, 11, 62, 7),
	(110, 11, 63, 7),
	(111, 12, 41, 8),
	(112, 12, 42, 9),
	(113, 12, 43, 10),
	(114, 12, 44, 9),
	(115, 12, 46, 9),
	(116, 12, 47, 9),
	(117, 12, 48, 9),
	(118, 12, 49, 9),
	(119, 12, 50, 9),
	(120, 12, 51, 9),
	(121, 13, 41, 8),
	(122, 13, 42, 8),
	(123, 13, 43, 9),
	(124, 13, 44, 8),
	(125, 13, 46, 8),
	(126, 13, 47, 8),
	(127, 13, 48, 8),
	(128, 13, 49, 8),
	(129, 13, 50, 8),
	(130, 13, 51, 8),
	(131, 14, 52, 9),
	(132, 14, 54, 10),
	(133, 14, 55, 9),
	(134, 14, 56, 9),
	(135, 14, 57, 10),
	(136, 14, 58, 10),
	(137, 14, 59, 10),
	(138, 14, 60, 10),
	(139, 14, 62, 9),
	(140, 14, 63, 9),
	(141, 15, 52, 8),
	(142, 15, 54, 8),
	(143, 15, 55, 8),
	(144, 15, 56, 8),
	(145, 15, 57, 8),
	(146, 15, 58, 8),
	(147, 15, 59, 7),
	(148, 15, 60, 7),
	(149, 15, 62, 7),
	(150, 15, 63, 8),
	(151, 16, 41, 8),
	(152, 16, 42, 8),
	(153, 16, 43, 8),
	(154, 16, 44, 10),
	(155, 16, 46, 8),
	(156, 16, 47, 10),
	(157, 16, 48, 9),
	(158, 16, 49, 8),
	(159, 16, 50, 8),
	(160, 16, 51, 9),
	(161, 17, 41, 8),
	(162, 17, 42, 9),
	(163, 17, 43, 7),
	(164, 17, 44, 8),
	(165, 17, 46, 8),
	(166, 17, 47, 8),
	(167, 17, 48, 8),
	(168, 17, 49, 7),
	(169, 17, 50, 8),
	(170, 17, 51, 8),
	(171, 18, 41, 10),
	(172, 18, 42, 10),
	(173, 18, 43, 10),
	(174, 18, 44, 10),
	(175, 18, 46, 10),
	(176, 18, 47, 10),
	(177, 18, 48, 10),
	(178, 18, 49, 10),
	(179, 18, 50, 10),
	(180, 18, 51, 10),
	(181, 19, 19, 7),
	(182, 19, 20, 8),
	(183, 19, 21, 8),
	(184, 19, 22, 7),
	(185, 19, 23, 8),
	(186, 19, 24, 9),
	(187, 19, 25, 8),
	(188, 19, 26, 7),
	(189, 19, 29, 7),
	(190, 19, 30, 7),
	(191, 20, 52, 8),
	(192, 20, 54, 8),
	(193, 20, 55, 8),
	(194, 20, 56, 8),
	(195, 20, 57, 8),
	(196, 20, 58, 8),
	(197, 20, 59, 8),
	(198, 20, 60, 8),
	(199, 20, 62, 8),
	(200, 20, 63, 8),
	(201, 21, 41, 8),
	(202, 21, 42, 9),
	(203, 21, 43, 9),
	(204, 21, 44, 8),
	(205, 21, 46, 9),
	(206, 21, 47, 9),
	(207, 21, 48, 9),
	(208, 21, 49, 9),
	(209, 21, 50, 9),
	(210, 21, 51, 8),
	(211, 22, 41, 10),
	(212, 22, 42, 10),
	(213, 22, 43, 10),
	(214, 22, 44, 10),
	(215, 22, 46, 10),
	(216, 22, 47, 10),
	(217, 22, 48, 10),
	(218, 22, 49, 10),
	(219, 22, 50, 10),
	(220, 22, 51, 10),
	(221, 23, 41, 10),
	(222, 23, 42, 9),
	(223, 23, 43, 9),
	(224, 23, 44, 9),
	(225, 23, 46, 9),
	(226, 23, 47, 10),
	(227, 23, 48, 10),
	(228, 23, 49, 9),
	(229, 23, 50, 9),
	(230, 23, 51, 10),
	(231, 24, 41, 7),
	(232, 24, 42, 8),
	(233, 24, 43, 8),
	(234, 24, 44, 8),
	(235, 24, 46, 8),
	(236, 24, 47, 7),
	(237, 24, 48, 8),
	(238, 24, 49, 7),
	(239, 24, 50, 8),
	(240, 24, 51, 8),
	(241, 25, 41, 9),
	(242, 25, 42, 9),
	(243, 25, 43, 9),
	(244, 25, 44, 9),
	(245, 25, 46, 9),
	(246, 25, 47, 9),
	(247, 25, 48, 9),
	(248, 25, 49, 9),
	(249, 25, 50, 9),
	(250, 25, 51, 9),
	(251, 26, 52, 8),
	(252, 26, 54, 8),
	(253, 26, 55, 8),
	(254, 26, 56, 8),
	(255, 26, 57, 8),
	(256, 26, 58, 8),
	(257, 26, 59, 8),
	(258, 26, 60, 8),
	(259, 26, 62, 8),
	(260, 26, 63, 8),
	(261, 27, 52, 8),
	(262, 27, 54, 8),
	(263, 27, 55, 9),
	(264, 27, 56, 9),
	(265, 27, 57, 9),
	(266, 27, 58, 10),
	(267, 27, 59, 9),
	(268, 27, 60, 10),
	(269, 27, 62, 9),
	(270, 27, 63, 9),
	(271, 28, 52, 10),
	(272, 28, 54, 10),
	(273, 28, 55, 9),
	(274, 28, 56, 9),
	(275, 28, 57, 9),
	(276, 28, 58, 9),
	(277, 28, 59, 9),
	(278, 28, 60, 9),
	(279, 28, 62, 9),
	(280, 28, 63, 9),
	(281, 29, 41, 9),
	(282, 29, 42, 9),
	(283, 29, 43, 9),
	(284, 29, 44, 9),
	(285, 29, 46, 9),
	(286, 29, 47, 10),
	(287, 29, 48, 9),
	(288, 29, 49, 9),
	(289, 29, 50, 9),
	(290, 29, 51, 10),
	(291, 30, 41, 5),
	(292, 30, 42, 6),
	(293, 30, 43, 6),
	(294, 30, 44, 6),
	(295, 30, 46, 6),
	(296, 30, 47, 8),
	(297, 30, 48, 7),
	(298, 30, 49, 6),
	(299, 30, 50, 6),
	(300, 30, 51, 6),
	(301, 31, 52, 3),
	(302, 31, 54, 5),
	(303, 31, 55, 5),
	(304, 31, 56, 5),
	(305, 31, 57, 4),
	(306, 31, 58, 6),
	(307, 31, 59, 5),
	(308, 31, 60, 6),
	(309, 31, 62, 5),
	(310, 31, 63, 5),
	(311, 32, 52, 10),
	(312, 32, 54, 10),
	(313, 32, 55, 10),
	(314, 32, 56, 10),
	(315, 32, 57, 10),
	(316, 32, 58, 10),
	(317, 32, 59, 10),
	(318, 32, 60, 10),
	(319, 32, 62, 10),
	(320, 32, 63, 10),
	(321, 33, 52, 8),
	(322, 33, 54, 8),
	(323, 33, 55, 8),
	(324, 33, 56, 7),
	(325, 33, 57, 7),
	(326, 33, 58, 8),
	(327, 33, 59, 8),
	(328, 33, 60, 8),
	(329, 33, 62, 7),
	(330, 33, 63, 8),
	(331, 34, 41, 8),
	(332, 34, 42, 7),
	(333, 34, 43, 8),
	(334, 34, 44, 8),
	(335, 34, 46, 8),
	(336, 34, 47, 9),
	(337, 34, 48, 8),
	(338, 34, 49, 8),
	(339, 34, 50, 8),
	(340, 34, 51, 8),
	(341, 35, 52, 10),
	(342, 35, 54, 10),
	(343, 35, 55, 10),
	(344, 35, 56, 10),
	(345, 35, 57, 10),
	(346, 35, 58, 10),
	(347, 35, 59, 10),
	(348, 35, 60, 10),
	(349, 35, 62, 10),
	(350, 35, 63, 10),
	(351, 36, 52, 9),
	(352, 36, 54, 9),
	(353, 36, 55, 9),
	(354, 36, 56, 9),
	(355, 36, 57, 9),
	(356, 36, 58, 9),
	(357, 36, 59, 9),
	(358, 36, 60, 9),
	(359, 36, 62, 9),
	(360, 36, 63, 10),
	(361, 37, 52, 10),
	(362, 37, 54, 10),
	(363, 37, 55, 10),
	(364, 37, 56, 10),
	(365, 37, 57, 10),
	(366, 37, 58, 10),
	(367, 37, 59, 10),
	(368, 37, 60, 10),
	(369, 37, 62, 10),
	(370, 37, 63, 10),
	(371, 38, 52, 7),
	(372, 38, 54, 8),
	(373, 38, 55, 8),
	(374, 38, 56, 8),
	(375, 38, 57, 7),
	(376, 38, 58, 8),
	(377, 38, 59, 7),
	(378, 38, 60, 7),
	(379, 38, 62, 7),
	(380, 38, 63, 8),
	(381, 39, 52, 10),
	(382, 39, 54, 10),
	(383, 39, 55, 10),
	(384, 39, 56, 10),
	(385, 39, 57, 10),
	(386, 39, 58, 10),
	(387, 39, 59, 10),
	(388, 39, 60, 10),
	(389, 39, 62, 10),
	(390, 39, 63, 10),
	(391, 40, 52, 10),
	(392, 40, 54, 10),
	(393, 40, 55, 10),
	(394, 40, 56, 10),
	(395, 40, 57, 10),
	(396, 40, 58, 10),
	(397, 40, 59, 10),
	(398, 40, 60, 10),
	(399, 40, 62, 10),
	(400, 40, 63, 10),
	(401, 41, 52, 10),
	(402, 41, 54, 10),
	(403, 41, 55, 10),
	(404, 41, 56, 10),
	(405, 41, 57, 10),
	(406, 41, 58, 10),
	(407, 41, 59, 10),
	(408, 41, 60, 10),
	(409, 41, 62, 10),
	(410, 41, 63, 10),
	(411, 42, 41, 10),
	(412, 42, 42, 10),
	(413, 42, 43, 10),
	(414, 42, 44, 10),
	(415, 42, 46, 10),
	(416, 42, 47, 10),
	(417, 42, 48, 10),
	(418, 42, 49, 10),
	(419, 42, 50, 10),
	(420, 42, 51, 10),
	(421, 43, 52, 8),
	(422, 43, 54, 8),
	(423, 43, 55, 8),
	(424, 43, 56, 8),
	(425, 43, 57, 8),
	(426, 43, 58, 8),
	(427, 43, 59, 8),
	(428, 43, 60, 8),
	(429, 43, 62, 8),
	(430, 43, 63, 8),
	(431, 44, 41, 9),
	(432, 44, 42, 9),
	(433, 44, 43, 9),
	(434, 44, 44, 9),
	(435, 44, 46, 9),
	(436, 44, 47, 9),
	(437, 44, 48, 9),
	(438, 44, 49, 9),
	(439, 44, 50, 9),
	(440, 44, 51, 9),
	(441, 45, 41, 8),
	(442, 45, 42, 8),
	(443, 45, 43, 8),
	(444, 45, 44, 8),
	(445, 45, 46, 8),
	(446, 45, 47, 9),
	(447, 45, 48, 8),
	(448, 45, 49, 9),
	(449, 45, 50, 8),
	(450, 45, 51, 9),
	(451, 46, 41, 10),
	(452, 46, 42, 10),
	(453, 46, 43, 10),
	(454, 46, 44, 9),
	(455, 46, 46, 9),
	(456, 46, 47, 9),
	(457, 46, 48, 9),
	(458, 46, 49, 9),
	(459, 46, 50, 9),
	(460, 46, 51, 9),
	(461, 47, 41, 8),
	(462, 47, 42, 9),
	(463, 47, 43, 9),
	(464, 47, 44, 8),
	(465, 47, 46, 9),
	(466, 47, 47, 9),
	(467, 47, 48, 9),
	(468, 47, 49, 9),
	(469, 47, 50, 9),
	(470, 47, 51, 9),
	(471, 48, 41, 5),
	(472, 48, 42, 8),
	(473, 48, 43, 8),
	(474, 48, 44, 8),
	(475, 48, 46, 8),
	(476, 48, 47, 8),
	(477, 48, 48, 8),
	(478, 48, 49, 8),
	(479, 48, 50, 7),
	(480, 48, 51, 8),
	(481, 49, 41, 8),
	(482, 49, 42, 9),
	(483, 49, 43, 9),
	(484, 49, 44, 6),
	(485, 49, 46, 7),
	(486, 49, 47, 10),
	(487, 49, 48, 10),
	(488, 49, 49, 8),
	(489, 49, 50, 10),
	(490, 49, 51, 9),
	(491, 50, 41, 10),
	(492, 50, 42, 10),
	(493, 50, 43, 10),
	(494, 50, 44, 10),
	(495, 50, 46, 9),
	(496, 50, 47, 10),
	(497, 50, 48, 10),
	(498, 50, 49, 9),
	(499, 50, 50, 9),
	(500, 50, 51, 10),
	(501, 51, 41, 9),
	(502, 51, 42, 10),
	(503, 51, 43, 10),
	(504, 51, 44, 10),
	(505, 51, 46, 10),
	(506, 51, 47, 10),
	(507, 51, 48, 10),
	(508, 51, 49, 10),
	(509, 51, 50, 10),
	(510, 51, 51, 10),
	(511, 52, 41, 8),
	(512, 52, 42, 7),
	(513, 52, 43, 8),
	(514, 52, 44, 8),
	(515, 52, 46, 8),
	(516, 52, 47, 8),
	(517, 52, 48, 8),
	(518, 52, 49, 8),
	(519, 52, 50, 7),
	(520, 52, 51, 8),
	(521, 53, 52, 10),
	(522, 53, 54, 10),
	(523, 53, 55, 10),
	(524, 53, 56, 10),
	(525, 53, 57, 10),
	(526, 53, 58, 10),
	(527, 53, 59, 10),
	(528, 53, 60, 10),
	(529, 53, 62, 10),
	(530, 53, 63, 10),
	(531, 54, 41, 10),
	(532, 54, 42, 10),
	(533, 54, 43, 10),
	(534, 54, 44, 10),
	(535, 54, 46, 10),
	(536, 54, 47, 10),
	(537, 54, 48, 10),
	(538, 54, 49, 10),
	(539, 54, 50, 10),
	(540, 54, 51, 10),
	(541, 55, 41, 10),
	(542, 55, 42, 10),
	(543, 55, 43, 10),
	(544, 55, 44, 10),
	(545, 55, 46, 10),
	(546, 55, 47, 10),
	(547, 55, 48, 10),
	(548, 55, 49, 10),
	(549, 55, 50, 10),
	(550, 55, 51, 10),
	(551, 56, 41, 8),
	(552, 56, 42, 8),
	(553, 56, 43, 8),
	(554, 56, 44, 8),
	(555, 56, 46, 8),
	(556, 56, 47, 8),
	(557, 56, 48, 8),
	(558, 56, 49, 8),
	(559, 56, 50, 8),
	(560, 56, 51, 8),
	(561, 57, 41, 3),
	(562, 57, 42, 3),
	(563, 57, 43, 8),
	(564, 57, 44, 5),
	(565, 57, 46, 4),
	(566, 57, 47, 8),
	(567, 57, 48, 7),
	(568, 57, 49, 2),
	(569, 57, 50, 2),
	(570, 57, 51, 5),
	(571, 58, 52, 8),
	(572, 58, 54, 8),
	(573, 58, 55, 7),
	(574, 58, 56, 8),
	(575, 58, 57, 8),
	(576, 58, 58, 8),
	(577, 58, 59, 8),
	(578, 58, 60, 7),
	(579, 58, 62, 8),
	(580, 58, 63, 8),
	(581, 59, 52, 10),
	(582, 59, 54, 10),
	(583, 59, 55, 10),
	(584, 59, 56, 10),
	(585, 59, 57, 10),
	(586, 59, 58, 10),
	(587, 59, 59, 10),
	(588, 59, 60, 10),
	(589, 59, 62, 10),
	(590, 59, 63, 10),
	(591, 60, 52, 10),
	(592, 60, 54, 8),
	(593, 60, 55, 8),
	(594, 60, 56, 9),
	(595, 60, 57, 10),
	(596, 60, 58, 10),
	(597, 60, 59, 10),
	(598, 60, 60, 10),
	(599, 60, 62, 10),
	(600, 60, 63, 10),
	(601, 61, 41, 8),
	(602, 61, 42, 8),
	(603, 61, 43, 7),
	(604, 61, 44, 8),
	(605, 61, 46, 9),
	(606, 61, 47, 8),
	(607, 61, 48, 9),
	(608, 61, 49, 8),
	(609, 61, 50, 8),
	(610, 61, 51, 10),
	(611, 62, 52, 10),
	(612, 62, 54, 10),
	(613, 62, 55, 10),
	(614, 62, 56, 9),
	(615, 62, 57, 9),
	(616, 62, 58, 9),
	(617, 62, 59, 8),
	(618, 62, 60, 9),
	(619, 62, 62, 9),
	(620, 62, 63, 9),
	(621, 63, 41, 10),
	(622, 63, 42, 10),
	(623, 63, 43, 10),
	(624, 63, 44, 10),
	(625, 63, 46, 10),
	(626, 63, 47, 10),
	(627, 63, 48, 10),
	(628, 63, 49, 10),
	(629, 63, 50, 10),
	(630, 63, 51, 10),
	(631, 64, 41, 7),
	(632, 64, 42, 7),
	(633, 64, 43, 7),
	(634, 64, 44, 7),
	(635, 64, 46, 7),
	(636, 64, 47, 7),
	(637, 64, 48, 7),
	(638, 64, 49, 7),
	(639, 64, 50, 7),
	(640, 64, 51, 8),
	(641, 65, 52, 8),
	(642, 65, 54, 8),
	(643, 65, 55, 9),
	(644, 65, 56, 8),
	(645, 65, 57, 9),
	(646, 65, 58, 9),
	(647, 65, 59, 9),
	(648, 65, 60, 9),
	(649, 65, 62, 9),
	(650, 65, 63, 9),
	(651, 66, 52, 9),
	(652, 66, 54, 9),
	(653, 66, 55, 8),
	(654, 66, 56, 8),
	(655, 66, 57, 9),
	(656, 66, 58, 9),
	(657, 66, 59, 9),
	(658, 66, 60, 9),
	(659, 66, 62, 9),
	(660, 66, 63, 9),
	(661, 67, 52, 7),
	(662, 67, 54, 8),
	(663, 67, 55, 8),
	(664, 67, 56, 8),
	(665, 67, 57, 8),
	(666, 67, 58, 8),
	(667, 67, 59, 8),
	(668, 67, 60, 8),
	(669, 67, 62, 8),
	(670, 67, 63, 8),
	(671, 68, 41, 8),
	(672, 68, 42, 10),
	(673, 68, 43, 10),
	(674, 68, 44, 8),
	(675, 68, 46, 8),
	(676, 68, 47, 10),
	(677, 68, 48, 9),
	(678, 68, 49, 8),
	(679, 68, 50, 10),
	(680, 68, 51, 10),
	(681, 69, 52, 10),
	(682, 69, 54, 10),
	(683, 69, 55, 10),
	(684, 69, 56, 10),
	(685, 69, 57, 10),
	(686, 69, 58, 10),
	(687, 69, 59, 10),
	(688, 69, 60, 10),
	(689, 69, 62, 10),
	(690, 69, 63, 10),
	(691, 70, 41, 9),
	(692, 70, 42, 10),
	(693, 70, 43, 10),
	(694, 70, 44, 10),
	(695, 70, 46, 9),
	(696, 70, 47, 10),
	(697, 70, 48, 10),
	(698, 70, 49, 10),
	(699, 70, 50, 10),
	(700, 70, 51, 10),
	(701, 71, 52, 7),
	(702, 71, 54, 8),
	(703, 71, 55, 9),
	(704, 71, 56, 8),
	(705, 71, 57, 8),
	(706, 71, 58, 9),
	(707, 71, 59, 9),
	(708, 71, 60, 9),
	(709, 71, 62, 9),
	(710, 71, 63, 9),
	(711, 72, 52, 8),
	(712, 72, 54, 9),
	(713, 72, 55, 8),
	(714, 72, 56, 8),
	(715, 72, 57, 9),
	(716, 72, 58, 10),
	(717, 72, 59, 8),
	(718, 72, 60, 9),
	(719, 72, 62, 9),
	(720, 72, 63, 9),
	(721, 73, 52, 10),
	(722, 73, 54, 10),
	(723, 73, 55, 10),
	(724, 73, 56, 10),
	(725, 73, 57, 10),
	(726, 73, 58, 10),
	(727, 73, 59, 10),
	(728, 73, 60, 10),
	(729, 73, 62, 10),
	(730, 73, 63, 10),
	(731, 74, 19, 10),
	(732, 74, 20, 10),
	(733, 74, 21, 10),
	(734, 74, 22, 10),
	(735, 74, 23, 10),
	(736, 74, 24, 10),
	(737, 74, 25, 10),
	(738, 74, 26, 10),
	(739, 74, 29, 10),
	(740, 74, 30, 10),
	(741, 75, 52, 7),
	(742, 75, 54, 8),
	(743, 75, 55, 8),
	(744, 75, 56, 8),
	(745, 75, 57, 8),
	(746, 75, 58, 10),
	(747, 75, 59, 8),
	(748, 75, 60, 7),
	(749, 75, 62, 9),
	(750, 75, 63, 9),
	(751, 76, 52, 10),
	(752, 76, 54, 8),
	(753, 76, 55, 7),
	(754, 76, 56, 9),
	(755, 76, 57, 9),
	(756, 76, 58, 8),
	(757, 76, 59, 8),
	(758, 76, 60, 7),
	(759, 76, 62, 6),
	(760, 76, 63, 6),
	(761, 77, 52, 9),
	(762, 77, 54, 7),
	(763, 77, 55, 10),
	(764, 77, 56, 9),
	(765, 77, 57, 8),
	(766, 77, 58, 9),
	(767, 77, 59, 8),
	(768, 77, 60, 9),
	(769, 77, 62, 8),
	(770, 77, 63, 9),
	(771, 78, 52, 9),
	(772, 78, 54, 9),
	(773, 78, 55, 9),
	(774, 78, 56, 8),
	(775, 78, 57, 9),
	(776, 78, 58, 8),
	(777, 78, 59, 8),
	(778, 78, 60, 8),
	(779, 78, 62, 8),
	(780, 78, 63, 8),
	(781, 79, 52, 7),
	(782, 79, 54, 9),
	(783, 79, 55, 8),
	(784, 79, 56, 8),
	(785, 79, 57, 9),
	(786, 79, 58, 9),
	(787, 79, 59, 9),
	(788, 79, 60, 9),
	(789, 79, 62, 9),
	(790, 79, 63, 9),
	(791, 80, 52, 9),
	(792, 80, 54, 9),
	(793, 80, 55, 9),
	(794, 80, 56, 9),
	(795, 80, 57, 9),
	(796, 80, 58, 10),
	(797, 80, 59, 9),
	(798, 80, 60, 10),
	(799, 80, 62, 9),
	(800, 80, 63, 10),
	(801, 81, 52, 10),
	(802, 81, 54, 10),
	(803, 81, 55, 10),
	(804, 81, 56, 10),
	(805, 81, 57, 10),
	(806, 81, 58, 10),
	(807, 81, 59, 8),
	(808, 81, 60, 10),
	(809, 81, 62, 8),
	(810, 81, 63, 10),
	(811, 82, 41, 8),
	(812, 82, 42, 10),
	(813, 82, 43, 9),
	(814, 82, 44, 10),
	(815, 82, 46, 10),
	(816, 82, 47, 10),
	(817, 82, 48, 10),
	(818, 82, 49, 10),
	(819, 82, 50, 10),
	(820, 82, 51, 10),
	(821, 83, 52, 8),
	(822, 83, 54, 9),
	(823, 83, 55, 10),
	(824, 83, 56, 9),
	(825, 83, 57, 8),
	(826, 83, 58, 9),
	(827, 83, 59, 9),
	(828, 83, 60, 9),
	(829, 83, 62, 8),
	(830, 83, 63, 9),
	(831, 84, 41, 9),
	(832, 84, 42, 9),
	(833, 84, 43, 9),
	(834, 84, 44, 9),
	(835, 84, 46, 9),
	(836, 84, 47, 9),
	(837, 84, 48, 9),
	(838, 84, 49, 9),
	(839, 84, 50, 9),
	(840, 84, 51, 9),
	(841, 85, 52, 10),
	(842, 85, 54, 10),
	(843, 85, 55, 10),
	(844, 85, 56, 10),
	(845, 85, 57, 10),
	(846, 85, 58, 10),
	(847, 85, 59, 10),
	(848, 85, 60, 10),
	(849, 85, 62, 10),
	(850, 85, 63, 10),
	(851, 86, 52, 10),
	(852, 86, 54, 10),
	(853, 86, 55, 10),
	(854, 86, 56, 10),
	(855, 86, 57, 10),
	(856, 86, 58, 10),
	(857, 86, 59, 10),
	(858, 86, 60, 10),
	(859, 86, 62, 10),
	(860, 86, 63, 10),
	(861, 87, 52, 10),
	(862, 87, 54, 10),
	(863, 87, 55, 10),
	(864, 87, 56, 10),
	(865, 87, 57, 10),
	(866, 87, 58, 10),
	(867, 87, 59, 10),
	(868, 87, 60, 10),
	(869, 87, 62, 10),
	(870, 87, 63, 10),
	(871, 88, 52, 9),
	(872, 88, 54, 9),
	(873, 88, 55, 9),
	(874, 88, 56, 9),
	(875, 88, 57, 9),
	(876, 88, 58, 9),
	(877, 88, 59, 9),
	(878, 88, 60, 9),
	(879, 88, 62, 9),
	(880, 88, 63, 9),
	(881, 89, 52, 10),
	(882, 89, 54, 10),
	(883, 89, 55, 10),
	(884, 89, 56, 10),
	(885, 89, 57, 10),
	(886, 89, 58, 10),
	(887, 89, 59, 10),
	(888, 89, 60, 10),
	(889, 89, 62, 10),
	(890, 89, 63, 10),
	(891, 90, 52, 9),
	(892, 90, 54, 10),
	(893, 90, 55, 10),
	(894, 90, 56, 10),
	(895, 90, 57, 10),
	(896, 90, 58, 10),
	(897, 90, 59, 10),
	(898, 90, 60, 10),
	(899, 90, 62, 10),
	(900, 90, 63, 10),
	(901, 91, 19, 9),
	(902, 91, 20, 9),
	(903, 91, 21, 10),
	(904, 91, 22, 10),
	(905, 91, 23, 10),
	(906, 91, 24, 10),
	(907, 91, 25, 10),
	(908, 91, 26, 10),
	(909, 91, 29, 10),
	(910, 91, 30, 10),
	(911, 92, 52, 10),
	(912, 92, 54, 10),
	(913, 92, 55, 10),
	(914, 92, 56, 10),
	(915, 92, 57, 10),
	(916, 92, 58, 10),
	(917, 92, 59, 10),
	(918, 92, 60, 10),
	(919, 92, 62, 10),
	(920, 92, 63, 10),
	(921, 93, 52, 10),
	(922, 93, 54, 10),
	(923, 93, 55, 10),
	(924, 93, 56, 10),
	(925, 93, 57, 10),
	(926, 93, 58, 10),
	(927, 93, 59, 10),
	(928, 93, 60, 10),
	(929, 93, 62, 10),
	(930, 93, 63, 10),
	(931, 94, 52, 10),
	(932, 94, 54, 10),
	(933, 94, 55, 10),
	(934, 94, 56, 10),
	(935, 94, 57, 10),
	(936, 94, 58, 10),
	(937, 94, 59, 10),
	(938, 94, 60, 10),
	(939, 94, 62, 10),
	(940, 94, 63, 10),
	(941, 95, 52, 6),
	(942, 95, 54, 6),
	(943, 95, 55, 6),
	(944, 95, 56, 7),
	(945, 95, 57, 6),
	(946, 95, 58, 7),
	(947, 95, 59, 6),
	(948, 95, 60, 6),
	(949, 95, 62, 6),
	(950, 95, 63, 6),
	(951, 96, 52, 10),
	(952, 96, 54, 10),
	(953, 96, 55, 10),
	(954, 96, 56, 10),
	(955, 96, 57, 10),
	(956, 96, 58, 10),
	(957, 96, 59, 10),
	(958, 96, 60, 10),
	(959, 96, 62, 10),
	(960, 96, 63, 10),
	(961, 97, 52, 10),
	(962, 97, 54, 10),
	(963, 97, 55, 10),
	(964, 97, 56, 10),
	(965, 97, 57, 10),
	(966, 97, 58, 10),
	(967, 97, 59, 10),
	(968, 97, 60, 10),
	(969, 97, 62, 10),
	(970, 97, 63, 10),
	(971, 98, 52, 10),
	(972, 98, 54, 10),
	(973, 98, 55, 10),
	(974, 98, 56, 10),
	(975, 98, 57, 10),
	(976, 98, 58, 10),
	(977, 98, 59, 10),
	(978, 98, 60, 10),
	(979, 98, 62, 10),
	(980, 98, 63, 10),
	(981, 99, 41, 9),
	(982, 99, 42, 7),
	(983, 99, 43, 7),
	(984, 99, 44, 7),
	(985, 99, 46, 7),
	(986, 99, 47, 9),
	(987, 99, 48, 7),
	(988, 99, 49, 7),
	(989, 99, 50, 7),
	(990, 99, 51, 8),
	(991, 100, 52, 9),
	(992, 100, 54, 9),
	(993, 100, 55, 9),
	(994, 100, 56, 9),
	(995, 100, 57, 8),
	(996, 100, 58, 10),
	(997, 100, 59, 9),
	(998, 100, 60, 9),
	(999, 100, 62, 9),
	(1000, 100, 63, 9),
	(1001, 101, 41, 10),
	(1002, 101, 42, 10),
	(1003, 101, 43, 10),
	(1004, 101, 44, 10),
	(1005, 101, 46, 10),
	(1006, 101, 47, 10),
	(1007, 101, 48, 10),
	(1008, 101, 49, 10),
	(1009, 101, 50, 10),
	(1010, 101, 51, 10),
	(1011, 102, 52, 10),
	(1012, 102, 54, 10),
	(1013, 102, 55, 10),
	(1014, 102, 56, 10),
	(1015, 102, 57, 10),
	(1016, 102, 58, 10),
	(1017, 102, 59, 10),
	(1018, 102, 60, 10),
	(1019, 102, 62, 10),
	(1020, 102, 63, 10),
	(1021, 103, 52, 8),
	(1022, 103, 54, 8),
	(1023, 103, 55, 8),
	(1024, 103, 56, 6),
	(1025, 103, 57, 8),
	(1026, 103, 58, 9),
	(1027, 103, 59, 8),
	(1028, 103, 60, 8),
	(1029, 103, 62, 8),
	(1030, 103, 63, 7),
	(1031, 104, 52, 10),
	(1032, 104, 54, 10),
	(1033, 104, 55, 10),
	(1034, 104, 56, 10),
	(1035, 104, 57, 10),
	(1036, 104, 58, 10),
	(1037, 104, 59, 10),
	(1038, 104, 60, 10),
	(1039, 104, 62, 10),
	(1040, 104, 63, 10),
	(1041, 105, 52, 10),
	(1042, 105, 54, 10),
	(1043, 105, 55, 10),
	(1044, 105, 56, 10),
	(1045, 105, 57, 10),
	(1046, 105, 58, 10),
	(1047, 105, 59, 10),
	(1048, 105, 60, 10),
	(1049, 105, 62, 10),
	(1050, 105, 63, 10),
	(1051, 106, 52, 10),
	(1052, 106, 54, 10),
	(1053, 106, 55, 10),
	(1054, 106, 56, 10),
	(1055, 106, 57, 10),
	(1056, 106, 58, 10),
	(1057, 106, 59, 10),
	(1058, 106, 60, 10),
	(1059, 106, 62, 10),
	(1060, 106, 63, 10),
	(1061, 107, 52, 8),
	(1062, 107, 54, 8),
	(1063, 107, 55, 8),
	(1064, 107, 56, 8),
	(1065, 107, 57, 8),
	(1066, 107, 58, 8),
	(1067, 107, 59, 8),
	(1068, 107, 60, 8),
	(1069, 107, 62, 7),
	(1070, 107, 63, 8),
	(1071, 108, 41, 8),
	(1072, 108, 42, 9),
	(1073, 108, 43, 9),
	(1074, 108, 44, 9),
	(1075, 108, 46, 8),
	(1076, 108, 47, 9),
	(1077, 108, 48, 9),
	(1078, 108, 49, 9),
	(1079, 108, 50, 9),
	(1080, 108, 51, 9),
	(1081, 109, 52, 10),
	(1082, 109, 54, 10),
	(1083, 109, 55, 10),
	(1084, 109, 56, 10),
	(1085, 109, 57, 10),
	(1086, 109, 58, 10),
	(1087, 109, 59, 10),
	(1088, 109, 60, 10),
	(1089, 109, 62, 10),
	(1090, 109, 63, 10),
	(1091, 110, 52, 10),
	(1092, 110, 54, 9),
	(1093, 110, 55, 9),
	(1094, 110, 56, 9),
	(1095, 110, 57, 9),
	(1096, 110, 58, 8),
	(1097, 110, 59, 9),
	(1098, 110, 60, 9),
	(1099, 110, 62, 9),
	(1100, 110, 63, 9),
	(1101, 111, 41, 8),
	(1102, 111, 42, 9),
	(1103, 111, 43, 8),
	(1104, 111, 44, 9),
	(1105, 111, 46, 9),
	(1106, 111, 47, 9),
	(1107, 111, 48, 8),
	(1108, 111, 49, 8),
	(1109, 111, 50, 8),
	(1110, 111, 51, 8),
	(1111, 112, 52, 10),
	(1112, 112, 54, 10),
	(1113, 112, 55, 10),
	(1114, 112, 56, 10),
	(1115, 112, 57, 10),
	(1116, 112, 58, 10),
	(1117, 112, 59, 10),
	(1118, 112, 60, 10),
	(1119, 112, 62, 10),
	(1120, 112, 63, 10),
	(1121, 113, 52, 9),
	(1122, 113, 54, 10),
	(1123, 113, 55, 9),
	(1124, 113, 56, 9),
	(1125, 113, 57, 9),
	(1126, 113, 58, 9),
	(1127, 113, 59, 9),
	(1128, 113, 60, 9),
	(1129, 113, 62, 9),
	(1130, 113, 63, 9),
	(1131, 114, 52, 8),
	(1132, 114, 54, 9),
	(1133, 114, 55, 8),
	(1134, 114, 56, 8),
	(1135, 114, 57, 9),
	(1136, 114, 58, 8),
	(1137, 114, 59, 9),
	(1138, 114, 60, 8),
	(1139, 114, 62, 9),
	(1140, 114, 63, 8),
	(1141, 115, 52, 10),
	(1142, 115, 54, 10),
	(1143, 115, 55, 10),
	(1144, 115, 56, 10),
	(1145, 115, 57, 10),
	(1146, 115, 58, 10),
	(1147, 115, 59, 10),
	(1148, 115, 60, 10),
	(1149, 115, 62, 10),
	(1150, 115, 63, 10),
	(1151, 116, 52, 8),
	(1152, 116, 54, 7),
	(1153, 116, 55, 8),
	(1154, 116, 56, 8),
	(1155, 116, 57, 8),
	(1156, 116, 58, 8),
	(1157, 116, 59, 8),
	(1158, 116, 60, 8),
	(1159, 116, 62, 8),
	(1160, 116, 63, 8),
	(1161, 117, 52, 8),
	(1162, 117, 54, 8),
	(1163, 117, 55, 8),
	(1164, 117, 56, 7),
	(1165, 117, 57, 8),
	(1166, 117, 58, 9),
	(1167, 117, 59, 10),
	(1168, 117, 60, 9),
	(1169, 117, 62, 10),
	(1170, 117, 63, 9),
	(1171, 118, 52, 10),
	(1172, 118, 54, 10),
	(1173, 118, 55, 10),
	(1174, 118, 56, 10),
	(1175, 118, 57, 10),
	(1176, 118, 58, 10),
	(1177, 118, 59, 10),
	(1178, 118, 60, 10),
	(1179, 118, 62, 10),
	(1180, 118, 63, 10),
	(1181, 119, 52, 1),
	(1182, 119, 54, 1),
	(1183, 119, 55, 1),
	(1184, 119, 56, 1),
	(1185, 119, 57, 1),
	(1186, 119, 58, 1),
	(1187, 119, 59, 1),
	(1188, 119, 60, 1),
	(1189, 119, 62, 1),
	(1190, 119, 63, 1),
	(1191, 120, 52, 10),
	(1192, 120, 54, 8),
	(1193, 120, 55, 8),
	(1194, 120, 56, 8),
	(1195, 120, 57, 8),
	(1196, 120, 58, 8),
	(1197, 120, 59, 8),
	(1198, 120, 60, 8),
	(1199, 120, 62, 8),
	(1200, 120, 63, 8),
	(1201, 121, 41, 9),
	(1202, 121, 42, 9),
	(1203, 121, 43, 9),
	(1204, 121, 44, 9),
	(1205, 121, 46, 9),
	(1206, 121, 47, 9),
	(1207, 121, 48, 9),
	(1208, 121, 49, 9),
	(1209, 121, 50, 9),
	(1210, 121, 51, 9),
	(1211, 122, 52, 10),
	(1212, 122, 54, 10),
	(1213, 122, 55, 10),
	(1214, 122, 56, 10),
	(1215, 122, 57, 10),
	(1216, 122, 58, 10),
	(1217, 122, 59, 10),
	(1218, 122, 60, 10),
	(1219, 122, 62, 10),
	(1220, 122, 63, 10),
	(1221, 123, 52, 8),
	(1222, 123, 54, 8),
	(1223, 123, 55, 9),
	(1224, 123, 56, 9),
	(1225, 123, 57, 10),
	(1226, 123, 58, 10),
	(1227, 123, 59, 10),
	(1228, 123, 60, 9),
	(1229, 123, 62, 9),
	(1230, 123, 63, 10),
	(1231, 124, 52, 10),
	(1232, 124, 54, 10),
	(1233, 124, 55, 10),
	(1234, 124, 56, 10),
	(1235, 124, 57, 10),
	(1236, 124, 58, 10),
	(1237, 124, 59, 10),
	(1238, 124, 60, 10),
	(1239, 124, 62, 10),
	(1240, 124, 63, 10),
	(1241, 125, 52, 10),
	(1242, 125, 54, 10),
	(1243, 125, 55, 10),
	(1244, 125, 56, 10),
	(1245, 125, 57, 10),
	(1246, 125, 58, 10),
	(1247, 125, 59, 10),
	(1248, 125, 60, 10),
	(1249, 125, 62, 10),
	(1250, 125, 63, 10),
	(1251, 126, 52, 10),
	(1252, 126, 54, 10),
	(1253, 126, 55, 10),
	(1254, 126, 56, 10),
	(1255, 126, 57, 10),
	(1256, 126, 58, 10),
	(1257, 126, 59, 10),
	(1258, 126, 60, 10),
	(1259, 126, 62, 10),
	(1260, 126, 63, 10),
	(1261, 127, 52, 10),
	(1262, 127, 54, 10),
	(1263, 127, 55, 10),
	(1264, 127, 56, 10),
	(1265, 127, 57, 10),
	(1266, 127, 58, 10),
	(1267, 127, 59, 10),
	(1268, 127, 60, 10),
	(1269, 127, 62, 10),
	(1270, 127, 63, 10),
	(1271, 128, 41, 10),
	(1272, 128, 42, 9),
	(1273, 128, 43, 9),
	(1274, 128, 44, 9),
	(1275, 128, 46, 9),
	(1276, 128, 47, 9),
	(1277, 128, 48, 9),
	(1278, 128, 49, 9),
	(1279, 128, 50, 9),
	(1280, 128, 51, 9),
	(1281, 129, 41, 8),
	(1282, 129, 42, 8),
	(1283, 129, 43, 8),
	(1284, 129, 44, 8),
	(1285, 129, 46, 8),
	(1286, 129, 47, 8),
	(1287, 129, 48, 8),
	(1288, 129, 49, 8),
	(1289, 129, 50, 8),
	(1290, 129, 51, 8),
	(1291, 130, 41, 10),
	(1292, 130, 42, 10),
	(1293, 130, 43, 10),
	(1294, 130, 44, 10),
	(1295, 130, 46, 10),
	(1296, 130, 47, 10),
	(1297, 130, 48, 10),
	(1298, 130, 49, 10),
	(1299, 130, 50, 10),
	(1300, 130, 51, 10),
	(1301, 131, 41, 9),
	(1302, 131, 42, 9),
	(1303, 131, 43, 9),
	(1304, 131, 44, 9),
	(1305, 131, 46, 9),
	(1306, 131, 47, 9),
	(1307, 131, 48, 9),
	(1308, 131, 49, 9),
	(1309, 131, 50, 9),
	(1310, 131, 51, 9),
	(1311, 132, 41, 10),
	(1312, 132, 42, 10),
	(1313, 132, 43, 10),
	(1314, 132, 44, 10),
	(1315, 132, 46, 10),
	(1316, 132, 47, 10),
	(1317, 132, 48, 10),
	(1318, 132, 49, 10),
	(1319, 132, 50, 10),
	(1320, 132, 51, 10),
	(1321, 133, 41, 10),
	(1322, 133, 42, 10),
	(1323, 133, 43, 10),
	(1324, 133, 44, 9),
	(1325, 133, 46, 10),
	(1326, 133, 47, 10),
	(1327, 133, 48, 10),
	(1328, 133, 49, 10),
	(1329, 133, 50, 10),
	(1330, 133, 51, 10),
	(1331, 134, 41, 10),
	(1332, 134, 42, 10),
	(1333, 134, 43, 10),
	(1334, 134, 44, 10),
	(1335, 134, 46, 10),
	(1336, 134, 47, 10),
	(1337, 134, 48, 10),
	(1338, 134, 49, 10),
	(1339, 134, 50, 10),
	(1340, 134, 51, 10),
	(1341, 135, 41, 9),
	(1342, 135, 42, 9),
	(1343, 135, 43, 9),
	(1344, 135, 44, 9),
	(1345, 135, 46, 9),
	(1346, 135, 47, 9),
	(1347, 135, 48, 9),
	(1348, 135, 49, 9),
	(1349, 135, 50, 8),
	(1350, 135, 51, 9),
	(1351, 136, 41, 9),
	(1352, 136, 42, 9),
	(1353, 136, 43, 10),
	(1354, 136, 44, 9),
	(1355, 136, 46, 9),
	(1356, 136, 47, 9),
	(1357, 136, 48, 9),
	(1358, 136, 49, 9),
	(1359, 136, 50, 9),
	(1360, 136, 51, 9),
	(1361, 137, 41, 10),
	(1362, 137, 42, 10),
	(1363, 137, 43, 10),
	(1364, 137, 44, 10),
	(1365, 137, 46, 10),
	(1366, 137, 47, 10),
	(1367, 137, 48, 10),
	(1368, 137, 49, 10),
	(1369, 137, 50, 10),
	(1370, 137, 51, 10),
	(1371, 138, 41, 9),
	(1372, 138, 42, 9),
	(1373, 138, 43, 9),
	(1374, 138, 44, 9),
	(1375, 138, 46, 9),
	(1376, 138, 47, 9),
	(1377, 138, 48, 9),
	(1378, 138, 49, 9),
	(1379, 138, 50, 9),
	(1380, 138, 51, 9),
	(1381, 139, 52, 8),
	(1382, 139, 54, 7),
	(1383, 139, 55, 8),
	(1384, 139, 56, 7),
	(1385, 139, 57, 8),
	(1386, 139, 58, 8),
	(1387, 139, 59, 7),
	(1388, 139, 60, 8),
	(1389, 139, 62, 7),
	(1390, 139, 63, 8),
	(1391, 140, 52, 10),
	(1392, 140, 54, 10),
	(1393, 140, 55, 10),
	(1394, 140, 56, 10),
	(1395, 140, 57, 10),
	(1396, 140, 58, 10),
	(1397, 140, 59, 10),
	(1398, 140, 60, 10),
	(1399, 140, 62, 10),
	(1400, 140, 63, 10),
	(1401, 141, 52, 10),
	(1402, 141, 54, 10),
	(1403, 141, 55, 10),
	(1404, 141, 56, 10),
	(1405, 141, 57, 9),
	(1406, 141, 58, 10),
	(1407, 141, 59, 10),
	(1408, 141, 60, 10),
	(1409, 141, 62, 10),
	(1410, 141, 63, 10),
	(1411, 142, 52, 10),
	(1412, 142, 54, 10),
	(1413, 142, 55, 10),
	(1414, 142, 56, 10),
	(1415, 142, 57, 10),
	(1416, 142, 58, 10),
	(1417, 142, 59, 10),
	(1418, 142, 60, 10),
	(1419, 142, 62, 10),
	(1420, 142, 63, 10),
	(1421, 143, 52, 6),
	(1422, 143, 54, 7),
	(1423, 143, 55, 6),
	(1424, 143, 56, 7),
	(1425, 143, 57, 6),
	(1426, 143, 58, 8),
	(1427, 143, 59, 6),
	(1428, 143, 60, 8),
	(1429, 143, 62, 6),
	(1430, 143, 63, 5),
	(1431, 144, 52, 8),
	(1432, 144, 54, 8),
	(1433, 144, 55, 8),
	(1434, 144, 56, 8),
	(1435, 144, 57, 8),
	(1436, 144, 58, 9),
	(1437, 144, 59, 8),
	(1438, 144, 60, 8),
	(1439, 144, 62, 8),
	(1440, 144, 63, 8),
	(1441, 145, 52, 7),
	(1442, 145, 54, 7),
	(1443, 145, 55, 7),
	(1444, 145, 56, 6),
	(1445, 145, 57, 7),
	(1446, 145, 58, 7),
	(1447, 145, 59, 7),
	(1448, 145, 60, 7),
	(1449, 145, 62, 7),
	(1450, 145, 63, 7),
	(1451, 146, 52, 9),
	(1452, 146, 54, 10),
	(1453, 146, 55, 9),
	(1454, 146, 56, 9),
	(1455, 146, 57, 10),
	(1456, 146, 58, 10),
	(1457, 146, 59, 10),
	(1458, 146, 60, 10),
	(1459, 146, 62, 9),
	(1460, 146, 63, 9),
	(1461, 147, 52, 10),
	(1462, 147, 54, 10),
	(1463, 147, 55, 9),
	(1464, 147, 56, 9),
	(1465, 147, 57, 9),
	(1466, 147, 58, 9),
	(1467, 147, 59, 9),
	(1468, 147, 60, 9),
	(1469, 147, 62, 9),
	(1470, 147, 63, 9),
	(1471, 148, 52, 3),
	(1472, 148, 54, 5),
	(1473, 148, 55, 5),
	(1474, 148, 56, 5),
	(1475, 148, 57, 4),
	(1476, 148, 58, 6),
	(1477, 148, 59, 5),
	(1478, 148, 60, 5),
	(1479, 148, 62, 5),
	(1480, 148, 63, 5),
	(1481, 149, 52, 10),
	(1482, 149, 54, 10),
	(1483, 149, 55, 10),
	(1484, 149, 56, 10),
	(1485, 149, 57, 10),
	(1486, 149, 58, 10),
	(1487, 149, 59, 10),
	(1488, 149, 60, 10),
	(1489, 149, 62, 10),
	(1490, 149, 63, 10),
	(1491, 150, 52, 8),
	(1492, 150, 54, 8),
	(1493, 150, 55, 8),
	(1494, 150, 56, 7),
	(1495, 150, 57, 7),
	(1496, 150, 58, 8),
	(1497, 150, 59, 8),
	(1498, 150, 60, 8),
	(1499, 150, 62, 7),
	(1500, 150, 63, 8),
	(1501, 151, 52, 10),
	(1502, 151, 54, 10),
	(1503, 151, 55, 10),
	(1504, 151, 56, 10),
	(1505, 151, 57, 10),
	(1506, 151, 58, 10),
	(1507, 151, 59, 10),
	(1508, 151, 60, 10),
	(1509, 151, 62, 10),
	(1510, 151, 63, 10),
	(1511, 152, 19, 10),
	(1512, 152, 20, 10),
	(1513, 152, 21, 10),
	(1514, 152, 22, 10),
	(1515, 152, 23, 10),
	(1516, 152, 24, 10),
	(1517, 152, 25, 10),
	(1518, 152, 26, 10),
	(1519, 152, 29, 10),
	(1520, 152, 30, 10),
	(1521, 153, 52, 9),
	(1522, 153, 54, 9),
	(1523, 153, 55, 9),
	(1524, 153, 56, 9),
	(1525, 153, 57, 9),
	(1526, 153, 58, 9),
	(1527, 153, 59, 9),
	(1528, 153, 60, 9),
	(1529, 153, 62, 9),
	(1530, 153, 63, 10),
	(1531, 154, 52, 10),
	(1532, 154, 54, 10),
	(1533, 154, 55, 10),
	(1534, 154, 56, 10),
	(1535, 154, 57, 10),
	(1536, 154, 58, 10),
	(1537, 154, 59, 10),
	(1538, 154, 60, 10),
	(1539, 154, 62, 10),
	(1540, 154, 63, 10),
	(1541, 155, 52, 7),
	(1542, 155, 54, 8),
	(1543, 155, 55, 8),
	(1544, 155, 56, 8),
	(1545, 155, 57, 7),
	(1546, 155, 58, 8),
	(1547, 155, 59, 7),
	(1548, 155, 60, 7),
	(1549, 155, 62, 7),
	(1550, 155, 63, 8),
	(1551, 156, 52, 10),
	(1552, 156, 54, 10),
	(1553, 156, 55, 10),
	(1554, 156, 56, 10),
	(1555, 156, 57, 10),
	(1556, 156, 58, 10),
	(1557, 156, 59, 10),
	(1558, 156, 60, 10),
	(1559, 156, 62, 10),
	(1560, 156, 63, 10),
	(1561, 157, 52, 10),
	(1562, 157, 54, 10),
	(1563, 157, 55, 10),
	(1564, 157, 56, 10),
	(1565, 157, 57, 10),
	(1566, 157, 58, 10),
	(1567, 157, 59, 10),
	(1568, 157, 60, 10),
	(1569, 157, 62, 10),
	(1570, 157, 63, 10),
	(1571, 158, 52, 10),
	(1572, 158, 54, 10),
	(1573, 158, 55, 10),
	(1574, 158, 56, 10),
	(1575, 158, 57, 10),
	(1576, 158, 58, 10),
	(1577, 158, 59, 10),
	(1578, 158, 60, 10),
	(1579, 158, 62, 10),
	(1580, 158, 63, 10),
	(1581, 159, 52, 10),
	(1582, 159, 54, 10),
	(1583, 159, 55, 10),
	(1584, 159, 56, 10),
	(1585, 159, 57, 10),
	(1586, 159, 58, 10),
	(1587, 159, 59, 10),
	(1588, 159, 60, 10),
	(1589, 159, 62, 10),
	(1590, 159, 63, 10),
	(1591, 160, 52, 8),
	(1592, 160, 54, 8),
	(1593, 160, 55, 8),
	(1594, 160, 56, 8),
	(1595, 160, 57, 8),
	(1596, 160, 58, 8),
	(1597, 160, 59, 8),
	(1598, 160, 60, 8),
	(1599, 160, 62, 8),
	(1600, 160, 63, 8),
	(1601, 161, 52, 10),
	(1602, 161, 54, 10),
	(1603, 161, 55, 10),
	(1604, 161, 56, 10),
	(1605, 161, 57, 10),
	(1606, 161, 58, 10),
	(1607, 161, 59, 10),
	(1608, 161, 60, 10),
	(1609, 161, 62, 10),
	(1610, 161, 63, 10),
	(1611, 162, 52, 8),
	(1612, 162, 54, 8),
	(1613, 162, 55, 7),
	(1614, 162, 56, 8),
	(1615, 162, 57, 8),
	(1616, 162, 58, 8),
	(1617, 162, 59, 8),
	(1618, 162, 60, 7),
	(1619, 162, 62, 8),
	(1620, 162, 63, 8),
	(1621, 163, 52, 10),
	(1622, 163, 54, 10),
	(1623, 163, 55, 10),
	(1624, 163, 56, 10),
	(1625, 163, 57, 10),
	(1626, 163, 58, 10),
	(1627, 163, 59, 10),
	(1628, 163, 60, 10),
	(1629, 163, 62, 10),
	(1630, 163, 63, 10),
	(1631, 164, 41, 8),
	(1632, 164, 42, 9),
	(1633, 164, 43, 9),
	(1634, 164, 44, 8),
	(1635, 164, 46, 8),
	(1636, 164, 47, 10),
	(1637, 164, 48, 10),
	(1638, 164, 49, 9),
	(1639, 164, 50, 10),
	(1640, 164, 51, 10),
	(1641, 165, 52, 10),
	(1642, 165, 54, 8),
	(1643, 165, 55, 8),
	(1644, 165, 56, 9),
	(1645, 165, 57, 10),
	(1646, 165, 58, 10),
	(1647, 165, 59, 10),
	(1648, 165, 60, 10),
	(1649, 165, 62, 10),
	(1650, 165, 63, 10),
	(1651, 166, 52, 10),
	(1652, 166, 54, 8),
	(1653, 166, 55, 8),
	(1654, 166, 56, 9),
	(1655, 166, 57, 10),
	(1656, 166, 58, 10),
	(1657, 166, 59, 10),
	(1658, 166, 60, 10),
	(1659, 166, 62, 10),
	(1660, 166, 63, 10),
	(1661, 167, 52, 10),
	(1662, 167, 54, 10),
	(1663, 167, 55, 10),
	(1664, 167, 56, 9),
	(1665, 167, 57, 9),
	(1666, 167, 58, 9),
	(1667, 167, 59, 8),
	(1668, 167, 60, 9),
	(1669, 167, 62, 9),
	(1670, 167, 63, 9),
	(1671, 168, 52, 8),
	(1672, 168, 54, 8),
	(1673, 168, 55, 9),
	(1674, 168, 56, 8),
	(1675, 168, 57, 9),
	(1676, 168, 58, 9),
	(1677, 168, 59, 9),
	(1678, 168, 60, 9),
	(1679, 168, 62, 9),
	(1680, 168, 63, 9),
	(1681, 169, 52, 9),
	(1682, 169, 54, 9),
	(1683, 169, 55, 8),
	(1684, 169, 56, 8),
	(1685, 169, 57, 9),
	(1686, 169, 58, 9),
	(1687, 169, 59, 9),
	(1688, 169, 60, 9),
	(1689, 169, 62, 9),
	(1690, 169, 63, 9),
	(1691, 170, 41, 10),
	(1692, 170, 42, 10),
	(1693, 170, 43, 10),
	(1694, 170, 44, 10),
	(1695, 170, 46, 10),
	(1696, 170, 47, 10),
	(1697, 170, 48, 10),
	(1698, 170, 49, 10),
	(1699, 170, 50, 10),
	(1700, 170, 51, 10),
	(1701, 171, 52, 7),
	(1702, 171, 54, 8),
	(1703, 171, 55, 8),
	(1704, 171, 56, 8),
	(1705, 171, 57, 8),
	(1706, 171, 58, 8),
	(1707, 171, 59, 8),
	(1708, 171, 60, 8),
	(1709, 171, 62, 8),
	(1710, 171, 63, 8),
	(1711, 172, 52, 10),
	(1712, 172, 54, 10),
	(1713, 172, 55, 10),
	(1714, 172, 56, 10),
	(1715, 172, 57, 10),
	(1716, 172, 58, 10),
	(1717, 172, 59, 10),
	(1718, 172, 60, 10),
	(1719, 172, 62, 10),
	(1720, 172, 63, 10),
	(1721, 173, 52, 7),
	(1722, 173, 54, 8),
	(1723, 173, 55, 9),
	(1724, 173, 56, 8),
	(1725, 173, 57, 8),
	(1726, 173, 58, 9),
	(1727, 173, 59, 9),
	(1728, 173, 60, 9),
	(1729, 173, 62, 9),
	(1730, 173, 63, 9),
	(1731, 174, 52, 8),
	(1732, 174, 54, 9),
	(1733, 174, 55, 8),
	(1734, 174, 56, 8),
	(1735, 174, 57, 9),
	(1736, 174, 58, 10),
	(1737, 174, 59, 8),
	(1738, 174, 60, 9),
	(1739, 174, 62, 9),
	(1740, 174, 63, 9),
	(1741, 175, 52, 10),
	(1742, 175, 54, 10),
	(1743, 175, 55, 10),
	(1744, 175, 56, 10),
	(1745, 175, 57, 10),
	(1746, 175, 58, 10),
	(1747, 175, 59, 10),
	(1748, 175, 60, 10),
	(1749, 175, 62, 10),
	(1750, 175, 63, 10),
	(1751, 176, 52, 7),
	(1752, 176, 54, 8),
	(1753, 176, 55, 8),
	(1754, 176, 56, 8),
	(1755, 176, 57, 8),
	(1756, 176, 58, 10),
	(1757, 176, 59, 8),
	(1758, 176, 60, 7),
	(1759, 176, 62, 9),
	(1760, 176, 63, 9),
	(1761, 177, 52, 10),
	(1762, 177, 54, 8),
	(1763, 177, 55, 7),
	(1764, 177, 56, 9),
	(1765, 177, 57, 9),
	(1766, 177, 58, 8),
	(1767, 177, 59, 8),
	(1768, 177, 60, 7),
	(1769, 177, 62, 6),
	(1770, 177, 63, 6),
	(1771, 178, 52, 9),
	(1772, 178, 54, 7),
	(1773, 178, 55, 10),
	(1774, 178, 56, 9),
	(1775, 178, 57, 8),
	(1776, 178, 58, 9),
	(1777, 178, 59, 8),
	(1778, 178, 60, 9),
	(1779, 178, 62, 8),
	(1780, 178, 63, 9),
	(1781, 179, 41, 10),
	(1782, 179, 42, 10),
	(1783, 179, 43, 10),
	(1784, 179, 44, 10),
	(1785, 179, 46, 10),
	(1786, 179, 47, 10),
	(1787, 179, 48, 10),
	(1788, 179, 49, 10),
	(1789, 179, 50, 10),
	(1790, 179, 51, 10),
	(1791, 180, 52, 9),
	(1792, 180, 54, 9),
	(1793, 180, 55, 9),
	(1794, 180, 56, 8),
	(1795, 180, 57, 9),
	(1796, 180, 58, 8),
	(1797, 180, 59, 8),
	(1798, 180, 60, 8),
	(1799, 180, 62, 8),
	(1800, 180, 63, 8),
	(1801, 181, 52, 7),
	(1802, 181, 54, 9),
	(1803, 181, 55, 8),
	(1804, 181, 56, 8),
	(1805, 181, 57, 9),
	(1806, 181, 58, 9),
	(1807, 181, 59, 9),
	(1808, 181, 60, 9),
	(1809, 181, 62, 9),
	(1810, 181, 63, 9),
	(1811, 182, 41, 10),
	(1812, 182, 42, 10),
	(1813, 182, 43, 10),
	(1814, 182, 44, 10),
	(1815, 182, 46, 10),
	(1816, 182, 47, 10),
	(1817, 182, 48, 10),
	(1818, 182, 49, 10),
	(1819, 182, 50, 10),
	(1820, 182, 51, 10),
	(1821, 183, 19, 7),
	(1822, 183, 20, 8),
	(1823, 183, 21, 8),
	(1824, 183, 22, 7),
	(1825, 183, 23, 8),
	(1826, 183, 24, 9),
	(1827, 183, 25, 8),
	(1828, 183, 26, 7),
	(1829, 183, 29, 7),
	(1830, 183, 30, 7),
	(1831, 184, 19, 10),
	(1832, 184, 20, 10),
	(1833, 184, 21, 10),
	(1834, 184, 22, 10),
	(1835, 184, 23, 10),
	(1836, 184, 24, 10),
	(1837, 184, 25, 10),
	(1838, 184, 26, 10),
	(1839, 184, 29, 10),
	(1840, 184, 30, 10),
	(1841, 185, 19, 9),
	(1842, 185, 20, 9),
	(1843, 185, 21, 10),
	(1844, 185, 22, 10),
	(1845, 185, 23, 10),
	(1846, 185, 24, 10),
	(1847, 185, 25, 10),
	(1848, 185, 26, 10),
	(1849, 185, 29, 10),
	(1850, 185, 30, 10),
	(1851, 186, 41, 8),
	(1852, 186, 42, 10),
	(1853, 186, 43, 10),
	(1854, 186, 44, 8),
	(1855, 186, 46, 10),
	(1856, 186, 47, 10),
	(1857, 186, 48, 9),
	(1858, 186, 49, 10),
	(1859, 186, 50, 9),
	(1860, 186, 51, 9),
	(1861, 187, 41, 10),
	(1862, 187, 42, 10),
	(1863, 187, 43, 10),
	(1864, 187, 44, 10),
	(1865, 187, 46, 10),
	(1866, 187, 47, 10),
	(1867, 187, 48, 10),
	(1868, 187, 49, 10),
	(1869, 187, 50, 10),
	(1870, 187, 51, 10),
	(1871, 188, 41, 10),
	(1872, 188, 42, 10),
	(1873, 188, 43, 10),
	(1874, 188, 44, 10),
	(1875, 188, 46, 10),
	(1876, 188, 47, 10),
	(1877, 188, 48, 10),
	(1878, 188, 49, 10),
	(1879, 188, 50, 10),
	(1880, 188, 51, 10),
	(1881, 189, 41, 9),
	(1882, 189, 42, 9),
	(1883, 189, 43, 9),
	(1884, 189, 44, 9),
	(1885, 189, 46, 9),
	(1886, 189, 47, 9),
	(1887, 189, 48, 9),
	(1888, 189, 49, 9),
	(1889, 189, 50, 9),
	(1890, 189, 51, 10),
	(1891, 190, 41, 10),
	(1892, 190, 42, 10),
	(1893, 190, 43, 10),
	(1894, 190, 44, 10),
	(1895, 190, 46, 10),
	(1896, 190, 47, 10),
	(1897, 190, 48, 10),
	(1898, 190, 49, 10),
	(1899, 190, 50, 10),
	(1900, 190, 51, 10),
	(1901, 191, 41, 5),
	(1902, 191, 42, 6),
	(1903, 191, 43, 6),
	(1904, 191, 44, 6),
	(1905, 191, 46, 6),
	(1906, 191, 47, 5),
	(1907, 191, 48, 6),
	(1908, 191, 49, 6),
	(1909, 191, 50, 6),
	(1910, 191, 51, 6),
	(1911, 192, 41, 8),
	(1912, 192, 42, 9),
	(1913, 192, 43, 10),
	(1914, 192, 44, 9),
	(1915, 192, 46, 9),
	(1916, 192, 47, 9),
	(1917, 192, 48, 9),
	(1918, 192, 49, 9),
	(1919, 192, 50, 9),
	(1920, 192, 51, 9),
	(1921, 193, 41, 8),
	(1922, 193, 42, 8),
	(1923, 193, 43, 9),
	(1924, 193, 44, 8),
	(1925, 193, 46, 8),
	(1926, 193, 47, 8),
	(1927, 193, 48, 8),
	(1928, 193, 49, 8),
	(1929, 193, 50, 8),
	(1930, 193, 51, 8),
	(1931, 194, 41, 8),
	(1932, 194, 42, 8),
	(1933, 194, 43, 8),
	(1934, 194, 44, 10),
	(1935, 194, 46, 8),
	(1936, 194, 47, 10),
	(1937, 194, 48, 9),
	(1938, 194, 49, 8),
	(1939, 194, 50, 8),
	(1940, 194, 51, 9),
	(1941, 195, 41, 8),
	(1942, 195, 42, 9),
	(1943, 195, 43, 7),
	(1944, 195, 44, 8),
	(1945, 195, 46, 8),
	(1946, 195, 47, 8),
	(1947, 195, 48, 8),
	(1948, 195, 49, 7),
	(1949, 195, 50, 8),
	(1950, 195, 51, 8),
	(1951, 196, 41, 10),
	(1952, 196, 42, 10),
	(1953, 196, 43, 10),
	(1954, 196, 44, 10),
	(1955, 196, 46, 10),
	(1956, 196, 47, 10),
	(1957, 196, 48, 10),
	(1958, 196, 49, 10),
	(1959, 196, 50, 10),
	(1960, 196, 51, 10),
	(1961, 197, 41, 8),
	(1962, 197, 42, 9),
	(1963, 197, 43, 9),
	(1964, 197, 44, 8),
	(1965, 197, 46, 9),
	(1966, 197, 47, 9),
	(1967, 197, 48, 9),
	(1968, 197, 49, 9),
	(1969, 197, 50, 9),
	(1970, 197, 51, 8),
	(1971, 198, 41, 10),
	(1972, 198, 42, 10),
	(1973, 198, 43, 10),
	(1974, 198, 44, 10),
	(1975, 198, 46, 10),
	(1976, 198, 47, 10),
	(1977, 198, 48, 10),
	(1978, 198, 49, 10),
	(1979, 198, 50, 10),
	(1980, 198, 51, 10),
	(1981, 199, 41, 10),
	(1982, 199, 42, 9),
	(1983, 199, 43, 9),
	(1984, 199, 44, 9),
	(1985, 199, 46, 9),
	(1986, 199, 47, 10),
	(1987, 199, 48, 10),
	(1988, 199, 49, 9),
	(1989, 199, 50, 9),
	(1990, 199, 51, 10),
	(1991, 200, 41, 7),
	(1992, 200, 42, 8),
	(1993, 200, 43, 8),
	(1994, 200, 44, 8),
	(1995, 200, 46, 8),
	(1996, 200, 47, 7),
	(1997, 200, 48, 8),
	(1998, 200, 49, 7),
	(1999, 200, 50, 8),
	(2000, 200, 51, 8),
	(2001, 201, 41, 9),
	(2002, 201, 42, 9),
	(2003, 201, 43, 9),
	(2004, 201, 44, 9),
	(2005, 201, 46, 9),
	(2006, 201, 47, 9),
	(2007, 201, 48, 9),
	(2008, 201, 49, 9),
	(2009, 201, 50, 9),
	(2010, 201, 51, 9),
	(2011, 202, 41, 9),
	(2012, 202, 42, 9),
	(2013, 202, 43, 9),
	(2014, 202, 44, 9),
	(2015, 202, 46, 9),
	(2016, 202, 47, 10),
	(2017, 202, 48, 9),
	(2018, 202, 49, 9),
	(2019, 202, 50, 9),
	(2020, 202, 51, 10),
	(2021, 203, 41, 5),
	(2022, 203, 42, 6),
	(2023, 203, 43, 6),
	(2024, 203, 44, 6),
	(2025, 203, 46, 6),
	(2026, 203, 47, 8),
	(2027, 203, 48, 7),
	(2028, 203, 49, 6),
	(2029, 203, 50, 6),
	(2030, 203, 51, 6),
	(2031, 204, 41, 8),
	(2032, 204, 42, 7),
	(2033, 204, 43, 8),
	(2034, 204, 44, 8),
	(2035, 204, 46, 8),
	(2036, 204, 47, 9),
	(2037, 204, 48, 8),
	(2038, 204, 49, 8),
	(2039, 204, 50, 8),
	(2040, 204, 51, 8),
	(2041, 205, 41, 10),
	(2042, 205, 42, 10),
	(2043, 205, 43, 10),
	(2044, 205, 44, 10),
	(2045, 205, 46, 10),
	(2046, 205, 47, 10),
	(2047, 205, 48, 10),
	(2048, 205, 49, 10),
	(2049, 205, 50, 10),
	(2050, 205, 51, 10),
	(2051, 206, 41, 9),
	(2052, 206, 42, 9),
	(2053, 206, 43, 9),
	(2054, 206, 44, 9),
	(2055, 206, 46, 9),
	(2056, 206, 47, 9),
	(2057, 206, 48, 9),
	(2058, 206, 49, 9),
	(2059, 206, 50, 9),
	(2060, 206, 51, 9),
	(2061, 207, 41, 8),
	(2062, 207, 42, 8),
	(2063, 207, 43, 8),
	(2064, 207, 44, 8),
	(2065, 207, 46, 8),
	(2066, 207, 47, 9),
	(2067, 207, 48, 8),
	(2068, 207, 49, 9),
	(2069, 207, 50, 8),
	(2070, 207, 51, 9),
	(2071, 208, 41, 10),
	(2072, 208, 42, 10),
	(2073, 208, 43, 10),
	(2074, 208, 44, 9),
	(2075, 208, 46, 9),
	(2076, 208, 47, 9),
	(2077, 208, 48, 9),
	(2078, 208, 49, 9),
	(2079, 208, 50, 9),
	(2080, 208, 51, 9),
	(2081, 209, 41, 9),
	(2082, 209, 42, 9),
	(2083, 209, 43, 9),
	(2084, 209, 44, 9),
	(2085, 209, 46, 9),
	(2086, 209, 47, 9),
	(2087, 209, 48, 9),
	(2088, 209, 49, 9),
	(2089, 209, 50, 9),
	(2090, 209, 51, 9),
	(2091, 210, 19, 8),
	(2092, 210, 20, 8),
	(2093, 210, 21, 8),
	(2094, 210, 22, 7),
	(2095, 210, 23, 8),
	(2096, 210, 24, 8),
	(2097, 210, 25, 8),
	(2098, 210, 26, 8),
	(2099, 210, 29, 8),
	(2100, 210, 30, 8),
	(2101, 211, 41, 9),
	(2102, 211, 42, 10),
	(2103, 211, 43, 10),
	(2104, 211, 44, 10),
	(2105, 211, 46, 10),
	(2106, 211, 47, 10),
	(2107, 211, 48, 10),
	(2108, 211, 49, 10),
	(2109, 211, 50, 10),
	(2110, 211, 51, 10),
	(2111, 212, 41, 10),
	(2112, 212, 42, 10),
	(2113, 212, 43, 10),
	(2114, 212, 44, 10),
	(2115, 212, 46, 10),
	(2116, 212, 47, 10),
	(2117, 212, 48, 10),
	(2118, 212, 49, 10),
	(2119, 212, 50, 10),
	(2120, 212, 51, 10),
	(2121, 213, 41, 8),
	(2122, 213, 42, 8),
	(2123, 213, 43, 8),
	(2124, 213, 44, 8),
	(2125, 213, 46, 8),
	(2126, 213, 47, 8),
	(2127, 213, 48, 8),
	(2128, 213, 49, 8),
	(2129, 213, 50, 8),
	(2130, 213, 51, 8),
	(2131, 214, 52, 8),
	(2132, 214, 54, 8),
	(2133, 214, 55, 8),
	(2134, 214, 56, 8),
	(2135, 214, 57, 8),
	(2136, 214, 58, 8),
	(2137, 214, 59, 8),
	(2138, 214, 60, 8),
	(2139, 214, 62, 8),
	(2140, 214, 63, 8),
	(2141, 215, 41, 8),
	(2142, 215, 42, 8),
	(2143, 215, 43, 8),
	(2144, 215, 44, 8),
	(2145, 215, 46, 8),
	(2146, 215, 47, 8),
	(2147, 215, 48, 8),
	(2148, 215, 49, 8),
	(2149, 215, 50, 8),
	(2150, 215, 51, 8),
	(2151, 216, 41, 9),
	(2152, 216, 42, 9),
	(2153, 216, 43, 9),
	(2154, 216, 44, 9),
	(2155, 216, 46, 9),
	(2156, 216, 47, 9),
	(2157, 216, 48, 9),
	(2158, 216, 49, 9),
	(2159, 216, 50, 9),
	(2160, 216, 51, 9),
	(2161, 217, 19, 8),
	(2162, 217, 20, 10),
	(2163, 217, 21, 9),
	(2164, 217, 22, 8),
	(2165, 217, 23, 9),
	(2166, 217, 24, 10),
	(2167, 217, 25, 10),
	(2168, 217, 26, 10),
	(2169, 217, 29, 9),
	(2170, 217, 30, 10),
	(2171, 218, 19, 10),
	(2172, 218, 20, 10),
	(2173, 218, 21, 10),
	(2174, 218, 22, 10),
	(2175, 218, 23, 10),
	(2176, 218, 24, 10),
	(2177, 218, 25, 10),
	(2178, 218, 26, 10),
	(2179, 218, 29, 10),
	(2180, 218, 30, 10),
	(2181, 219, 52, 9),
	(2182, 219, 54, 9),
	(2183, 219, 55, 9),
	(2184, 219, 56, 9),
	(2185, 219, 57, 10),
	(2186, 219, 58, 10),
	(2187, 219, 59, 9),
	(2188, 219, 60, 9),
	(2189, 219, 62, 8),
	(2190, 219, 63, 10),
	(2191, 220, 52, 10),
	(2192, 220, 54, 10),
	(2193, 220, 55, 10),
	(2194, 220, 56, 10),
	(2195, 220, 57, 10),
	(2196, 220, 58, 10),
	(2197, 220, 59, 10),
	(2198, 220, 60, 10),
	(2199, 220, 62, 10),
	(2200, 220, 63, 10),
	(2201, 221, 41, 10),
	(2202, 221, 42, 9),
	(2203, 221, 43, 8),
	(2204, 221, 44, 9),
	(2205, 221, 46, 10),
	(2206, 221, 47, 9),
	(2207, 221, 48, 8),
	(2208, 221, 49, 9),
	(2209, 221, 50, 10),
	(2210, 221, 51, 9),
	(2211, 222, 41, 10),
	(2212, 222, 42, 10),
	(2213, 222, 43, 10),
	(2214, 222, 44, 10),
	(2215, 222, 46, 10),
	(2216, 222, 47, 10),
	(2217, 222, 48, 10),
	(2218, 222, 49, 10),
	(2219, 222, 50, 10),
	(2220, 222, 51, 10),
	(2221, 223, 41, 7),
	(2222, 223, 42, 10),
	(2223, 223, 43, 7),
	(2224, 223, 44, 9),
	(2225, 223, 46, 10),
	(2226, 223, 47, 8),
	(2227, 223, 48, 9),
	(2228, 223, 49, 9),
	(2229, 223, 50, 7),
	(2230, 223, 51, 9),
	(2231, 224, 41, 7),
	(2232, 224, 42, 7),
	(2233, 224, 43, 8),
	(2234, 224, 44, 7),
	(2235, 224, 46, 7),
	(2236, 224, 47, 8),
	(2237, 224, 48, 7),
	(2238, 224, 49, 8),
	(2239, 224, 50, 8),
	(2240, 224, 51, 8),
	(2241, 225, 41, 9),
	(2242, 225, 42, 9),
	(2243, 225, 43, 9),
	(2244, 225, 44, 9),
	(2245, 225, 46, 9),
	(2246, 225, 47, 9),
	(2247, 225, 48, 9),
	(2248, 225, 49, 9),
	(2249, 225, 50, 9),
	(2250, 225, 51, 9);

/*!40103 SET TIME_ZONE=IFNULL(@OLD_TIME_ZONE, 'system') */;
/*!40101 SET SQL_MODE=IFNULL(@OLD_SQL_MODE, '') */;
/*!40014 SET FOREIGN_KEY_CHECKS=IFNULL(@OLD_FOREIGN_KEY_CHECKS, 1) */;
/*!40101 SET CHARACTER_SET_CLIENT=@OLD_CHARACTER_SET_CLIENT */;
/*!40111 SET SQL_NOTES=IFNULL(@OLD_SQL_NOTES, 1) */;
